index,cluster,raw_total_counts,raw_n_genes,raw_counts_robust_z,raw_genes_robust_z,T cell_counts,T cell_genes_positive,B cell_counts,B cell_genes_positive,NK cell_counts,NK cell_genes_positive,Monocyte_counts,Monocyte_genes_positive,Platelet clue_counts,Platelet clue_genes_positive,n_strong_programmes,possible_mixed_programmes
GTGATGACAAGTGA-1,0,6329.0,1815,5.5753407,5.143635639061974,9.0,2,3.0,2,3.0,1,6.0,4,0.0,0,3,True
ACTCTCCTGCATAC-1,0,5850.0,1739,4.9291787,4.752328022877079,0.0,0,4.0,1,0.0,0,3.0,1,0.0,0,0,False
TCGGACCTGTACAC-1,0,5599.0,1566,4.5905843,3.861588317614095,8.0,2,6.0,2,0.0,0,0.0,0,0.0,0,2,True
CTAAGGACCGTTAG-1,0,5484.0,1425,4.4354515,3.135609713902645,7.0,2,2.0,1,1.0,1,2.0,1,0.0,0,1,False
GGCATATGTGTGAC-1,0,5303.0,1584,4.1912856,3.954266437236833,10.0,2,5.0,1,0.0,0,3.0,2,0.0,0,2,True
TACGTACTACGGAG-1,0,5280.0,1606,4.1602592,4.067539694553513,9.0,2,3.0,1,3.0,2,2.0,2,1.0,1,4,True
TTCAGTACTCAAGC-1,0,5218.0,1377,4.076622,2.8884680615753426,10.0,2,5.0,1,0.0,0,1.0,1,0.0,0,1,False
AGCTGCCTTTCATC-1,0,5212.0,1703,4.068528,4.566971783631603,17.0,2,5.0,2,1.0,1,2.0,1,0.0,0,2,True
TGACGCCTGTACCA-1,0,5155.0,1646,3.9916363,4.2734910714929315,9.0,2,6.0,2,1.0,1,3.0,1,0.0,0,2,True
CGATCAGAGGTACT-1,0,5139.0,1338,3.9700527,2.68766546905941,4.0,2,1.0,1,1.0,1,4.0,3,0.0,0,2,True
TGAGACACAAGGTA-1,0,5135.0,1546,3.9646568,3.7586126291443853,3.0,2,4.0,1,3.0,1,1.0,1,0.0,0,1,False
ATGATATGAAACAG-1,0,4921.0,1399,3.6759746,3.001741318892023,17.0,2,5.0,2,1.0,1,3.0,2,0.0,0,3,True
ATGTAAACTCTCCG-1,0,4766.0,1323,3.4668825,2.610433702707128,9.0,2,4.0,1,4.0,1,4.0,2,0.0,0,2,True
CTATACTGTTCGTT-1,0,4760.0,1520,3.4587886,3.6247442341337637,1.0,1,3.0,1,1.0,1,5.0,2,0.0,0,1,False
GAACCTGAACGTGT-1,0,4754.0,1489,3.4506948,3.4651319170057144,6.0,2,2.0,2,4.0,1,0.0,0,0.0,0,2,True
GATCGAACCGAGAG-1,0,4587.0,1425,3.2254148,3.135609713902645,5.0,2,2.0,1,4.0,1,2.0,2,0.0,0,2,True
GTATTAGAAACAGA-1,0,3487.0,1426,1.7415352,3.1407584983261305,17.0,2,3.0,1,0.0,0,1.0,1,0.0,0,1,False
AACCTACTGTGAGG-1,1,5682.0,1649,4.7025495,4.288937424763388,0.0,0,2.0,1,2.0,1,260.0,4,0.0,0,1,False
ACCCAGCTGTTAGC-1,1,5534.0,1546,4.5029006,3.7586126291443853,5.0,2,6.0,1,0.0,0,256.0,4,0.0,0,2,True
CTAGAGACTTTGGG-1,1,5515.0,1621,4.4772696,4.144771460905795,0.0,0,4.0,1,5.0,2,96.0,4,0.0,0,2,True
GAACAGCTAACTGC-1,1,5489.0,1631,4.4421964,4.196259305140649,0.0,0,7.0,1,0.0,0,43.0,4,0.0,0,1,False
AGAGCGGAGGCAAG-1,1,5226.0,1422,4.0874143,3.1201633606321884,0.0,0,2.0,1,0.0,0,271.0,4,0.0,0,1,False
TAAGCGTGGACAAA-1,1,5189.0,1634,4.037502,4.211705658411106,0.0,0,7.0,2,1.0,1,98.0,4,0.0,0,2,True
CCGAAAACCTTGTT-1,1,5144.0,1512,3.9767976,3.58355395874588,0.0,0,3.0,1,0.0,0,133.0,4,0.0,0,1,False
GTTAGGTGCCAGTA-1,1,4971.0,1496,3.7434237,3.5011734079701125,0.0,0,8.0,1,1.0,1,411.0,4,1.0,1,2,True
ATGCACGATTGGTG-1,1,4854.0,1551,3.585593,3.784356551261813,0.0,0,2.0,1,0.0,0,69.0,4,0.0,0,1,False
CCCAGACTGCCTTC-1,1,4754.0,1378,3.4506948,2.893616845998828,1.0,1,6.0,1,1.0,1,156.0,4,0.0,0,1,False
GTCCCATGTGGTGT-1,1,4744.0,1467,3.437205,3.351858659689034,0.0,0,5.0,2,1.0,1,116.0,4,0.0,0,2,True
GGTCTAGATAGCGT-1,1,4660.0,1460,3.3238904,3.315817168724636,0.0,0,9.0,1,0.0,0,79.0,4,0.0,0,1,False
AAAGCAGATATCGG-1,1,4584.0,1422,3.2213678,3.1201633606321884,0.0,0,11.0,1,2.0,1,91.0,4,0.0,0,1,False
GTAACGTGACCTCC-1,1,4521.0,1321,3.136382,2.600136133860157,0.0,0,6.0,1,0.0,0,249.0,4,0.0,0,1,False
ATACTCTGCTTCGC-1,1,4471.0,1331,3.068933,2.6516239780950115,1.0,1,6.0,1,2.0,2,69.0,4,0.0,0,2,True
CCTCTACTCTTCGC-1,1,4464.0,1322,3.0594902,2.6052849182836426,4.0,2,1.0,1,1.0,1,115.0,4,0.0,0,2,True
CAGTTTACACACGT-1,2,5343.0,1868,4.245245,5.416521213506703,9.0,1,35.0,1,26.0,2,2.0,2,0.0,0,2,True
GTGTATCTAGTAGA-1,2,4442.0,1426,3.0298126,3.1407584983261305,7.0,2,3.0,1,57.0,2,1.0,1,0.0,0,2,True
GGCGACACTGCCCT-1,2,4438.0,1494,3.0244167,3.4908758391231416,3.0,1,0.0,0,59.0,3,2.0,1,0.0,0,1,False
TAATGCCTCGTCTC-1,2,4211.0,1667,2.7181978,4.381615544386126,0.0,0,3.0,2,70.0,3,0.0,0,0.0,0,2,True
TATGGGTGCATCAG-1,2,3544.0,1457,1.8184271,3.3003708154541798,0.0,0,2.0,1,77.0,3,2.0,2,0.0,0,2,True
GCGCGATGGTGCAT-1,2,3225.0,1410,1.388102,3.058377947550363,0.0,0,2.0,1,44.0,2,1.0,1,0.0,0,1,False
CAGGTTGAGGATCT-1,3,8011.0,1996,7.8443274,6.075565619712842,0.0,0,41.0,3,0.0,0,2.0,2,0.0,0,2,True
ACGAAGCTCTGAGT-1,3,7062.0,1852,6.564144,5.3341406627309365,1.0,1,43.0,3,0.0,0,2.0,1,0.0,0,1,False
AAGCACTGGTTCTT-1,3,6153.0,1713,5.33792,4.618459627866457,2.0,1,33.0,3,0.0,0,4.0,2,0.0,0,2,True
CTAGGATGAGCCTA-1,3,5867.0,1741,4.9521112,4.76262559172405,0.0,0,15.0,2,0.0,0,2.0,1,0.0,0,1,False
TACTGTTGCTGAAC-1,3,5187.0,1650,4.034804,4.294086209186873,0.0,0,23.0,3,1.0,1,6.0,1,1.0,1,2,True
AAAGGCCTGTCTAG-1,3,4973.0,1445,3.7461216,3.238585402372354,6.0,2,46.0,3,3.0,2,1.0,1,0.0,0,3,True
AAACATTGAGCTAC-1,3,4903.0,1352,3.651693,2.7597484509882064,0.0,0,16.0,3,1.0,1,3.0,1,0.0,0,1,False
CTATGTACTGTTTC-1,3,4824.0,1481,3.5451236,3.4239416416178305,5.0,2,11.0,3,1.0,1,1.0,1,0.0,0,2,True
CATACTTGGGTTAC-1,4,7167.0,1934,6.705787,5.7563409854567436,3.0,1,1.0,1,0.0,0,27.0,3,0.0,0,1,False
GAGCATACTTTGCT-1,4,6691.0,1750,6.063672,4.808964651535419,6.0,2,3.0,1,0.0,0,20.0,2,0.0,0,2,True
ATTTAGGAACCATG-1,4,5677.0,1662,4.6958046,4.355871622268698,0.0,0,3.0,1,0.0,0,53.0,4,0.0,0,1,False
AAATCAACCCTATT-1,4,5676.0,1541,4.6944556,3.732868707026958,2.0,2,1.0,1,2.0,1,20.0,2,1.0,1,3,True
GCTCAAGAACCATG-1,4,5552.0,1674,4.527182,4.4176570353505245,0.0,0,17.0,2,0.0,0,37.0,4,0.0,0,2,True
TGCGTAGATGGTCA-1,4,5486.0,1557,4.4381495,3.8152492578027255,0.0,0,4.0,1,0.0,0,57.0,4,0.0,0,1,False
CATGCGCTAGTCAC-1,4,5344.0,1659,4.246594,4.340425268998242,0.0,0,4.0,1,1.0,1,33.0,2,0.0,0,1,False
GAAACCTGGACTAC-1,4,5326.0,1690,4.2223125,4.500037586126291,0.0,0,6.0,2,0.0,0,99.0,4,6.0,2,3,True
TACGCCACTCCCAC-1,4,5286.0,1618,4.168353,4.1293251076353386,0.0,0,9.0,1,4.0,1,34.0,4,1.0,1,2,True
CATCAGGATCCTAT-1,4,5281.0,1582,4.161608,3.943968868389862,0.0,0,3.0,1,1.0,1,47.0,4,0.0,0,1,False
AGTCTACTTGCATG-1,4,5201.0,1569,4.0536895,3.877034670884551,0.0,0,8.0,1,0.0,0,48.0,3,0.0,0,1,False
ATCTGTTGCCTTCG-1,4,5197.0,1550,4.0482936,3.7792077668383275,1.0,1,1.0,1,1.0,1,34.0,3,0.0,0,1,False
GACAGTACTTCGGA-1,4,5193.0,1509,4.0428977,3.5681076054754235,0.0,0,4.0,1,1.0,1,41.0,3,0.0,0,1,False
CGCAGGACTTGTCT-1,4,5162.0,1687,4.001079,4.484591232855835,0.0,0,5.0,2,1.0,1,55.0,4,0.0,0,2,True
GTAGCTGAAGCTAC-1,4,5102.0,1526,3.9201403,3.6556369406746763,1.0,1,1.0,1,2.0,2,60.0,4,0.0,0,2,True
GTACCCTGACAGTC-1,4,5049.0,1548,3.8486443,3.7689101979913566,1.0,1,9.0,1,0.0,0,73.0,4,0.0,0,1,False
TAAGCGTGTGCTCC-1,4,4972.0,1502,3.7447727,3.5320661145110255,0.0,0,4.0,1,0.0,0,71.0,4,0.0,0,1,False
GACAGTACGAGCTT-1,4,4929.0,1546,3.6867666,3.7586126291443853,0.0,0,7.0,2,1.0,1,37.0,3,0.0,0,2,True
TATAAGTGTGGTGT-1,4,4913.0,1517,3.6651828,3.609297880863307,1.0,1,4.0,1,0.0,0,28.0,2,0.0,0,1,False
TGTACTTGCTCTAT-1,4,4907.0,1479,3.657089,3.4136440727708597,0.0,0,7.0,1,2.0,1,44.0,3,0.0,0,1,False
ATTGCACTTGCTTT-1,4,4888.0,1519,3.6314583,3.6195954497102782,0.0,0,9.0,1,6.0,2,52.0,4,0.0,0,2,True
CTTCACCTACCTGA-1,4,4888.0,1528,3.6314583,3.665934509521647,0.0,0,8.0,1,0.0,0,65.0,4,1.0,1,2,True
AGCCTCACTGTCAG-1,4,4811.0,1393,3.5275867,2.97084861235111,0.0,0,3.0,1,5.0,1,40.0,3,0.0,0,1,False
CATGCGCTTTGCAG-1,4,4790.0,1515,3.499258,3.599000312016336,1.0,1,0.0,0,0.0,0,52.0,4,0.0,0,1,False
CCACCATGGACGAG-1,4,4779.0,1558,3.4844193,3.820398042226211,0.0,0,4.0,1,1.0,1,40.0,4,0.0,0,1,False
TGAGGTACGAACCT-1,4,4752.0,1521,3.4479969,3.629893018557249,0.0,0,8.0,1,1.0,1,30.0,3,0.0,0,1,False
AACATTGATGGGAG-1,4,4711.0,1458,3.3926885,3.305519599877665,0.0,0,4.0,2,0.0,0,65.0,4,0.0,0,2,True
AGTGACTGCAACTG-1,4,4696.0,1412,3.372454,3.068675516397334,0.0,0,6.0,1,1.0,1,36.0,4,0.0,0,1,False
GAAAGATGCTGATG-1,4,4688.0,1464,3.361662,3.3364123064185778,1.0,1,3.0,1,1.0,1,29.0,4,0.0,0,1,False
TCATTCGATACAGC-1,4,4629.0,1416,3.282072,3.0892706540912758,0.0,0,3.0,1,0.0,0,44.0,3,0.0,0,1,False
AACCTTTGTACGCA-1,4,4617.0,1461,3.2658844,3.3209659531481215,0.0,0,4.0,1,2.0,2,34.0,3,0.0,0,2,True
TACATCACTGAACC-1,4,4600.0,1507,3.2429516,3.5578100366284526,0.0,0,7.0,1,1.0,1,30.0,4,0.0,0,1,False
TCACCGTGCTCGCT-1,4,4572.0,1477,3.2051802,3.403346503923889,0.0,0,6.0,2,3.0,1,26.0,3,0.0,0,2,True
GTGGATTGCACTAG-1,4,4560.0,1466,3.1889923,3.3467098752655486,0.0,0,2.0,1,0.0,0,73.0,3,0.0,0,1,False
CAACGATGCGCAAT-1,4,4517.0,1407,3.1309862,3.0429315942799064,0.0,0,1.0,1,0.0,0,60.0,4,0.0,0,1,False
CTCAGGCTCGTTGA-1,4,4502.0,1463,3.1107514,3.3312635219950923,2.0,1,3.0,1,0.0,0,37.0,4,0.0,0,1,False
AGAGTCTGGTCGTA-1,4,4469.0,1496,3.066235,3.5011734079701125,0.0,0,5.0,1,0.0,0,33.0,3,0.0,0,1,False
AGTATAACTTGTCT-1,4,4454.0,1498,3.0460002,3.5114709768170833,1.0,1,5.0,1,2.0,1,38.0,4,0.0,0,1,False
GTTGGATGTTTACC-1,4,4436.0,1362,3.0217187,2.8112362952230607,0.0,0,3.0,1,0.0,0,28.0,4,0.0,0,1,False
ACAGCAACCTCAAG-1,4,4431.0,1472,3.0149736,3.3776025818064617,1.0,1,4.0,1,1.0,1,20.0,2,0.0,0,1,False
GATATTGACGAGTT-1,4,4409.0,1446,2.9852962,3.2437341867958396,0.0,0,5.0,2,0.0,0,37.0,3,0.0,0,2,True
ATCGCAGAATCTCT-1,4,4337.0,1418,2.8881695,3.0995682229382466,0.0,0,4.0,2,1.0,1,33.0,3,0.0,0,2,True
GGGAACGAAGCTCA-1,4,4319.0,1554,2.8638878,3.799802904532269,1.0,1,2.0,1,0.0,0,36.0,3,0.0,0,1,False
TGATCGGACTGACA-1,4,4211.0,1433,2.7181978,3.1767999892905285,0.0,0,3.0,2,0.0,0,22.0,3,0.0,0,2,True
GAGTTGTGTATGCG-1,4,4175.0,1416,2.6696346,3.0892706540912758,0.0,0,1.0,1,0.0,0,38.0,3,0.0,0,1,False
CTGAAGTGAAGCCT-1,4,4070.0,1434,2.5279913,3.181948773714014,0.0,0,4.0,1,1.0,1,51.0,4,0.0,0,1,False
GAAGTAGATCCAAG-1,4,4035.0,1408,2.480777,3.048080378703392,0.0,0,2.0,1,0.0,0,23.0,4,0.0,0,1,False
GGGCCAACCTTGGA-1,5,8415.0,2013,8.389317,6.163094954912095,0.0,0,2.0,1,0.0,0,84.0,1,0.0,0,0,False
ACGAGGGACAGGAG-1,5,7928.0,1991,7.7323623,6.049821697595415,0.0,0,2.0,1,0.0,0,59.0,3,0.0,0,1,False
AAGCCATGAACTGC-1,5,7064.0,1871,6.566842,5.43196756677716,0.0,0,5.0,1,0.0,0,101.0,3,0.0,0,1,False
CGATCAGATGTGAC-1,5,6908.0,1974,6.356401,5.962292362396163,1.0,1,1.0,1,0.0,0,97.0,3,0.0,0,1,False
ATACCGGAATGCTG-1,5,6580.0,1859,5.913935,5.3701821536953345,0.0,0,0.0,0,1.0,1,117.0,3,0.0,0,1,False
TTGAGGACTACGCA-1,5,6342.0,1792,5.5928774,5.025213597321809,1.0,1,2.0,1,0.0,0,88.0,2,0.0,0,1,False
TGCAATCTTCAGGT-1,5,6316.0,1902,5.557804,5.591579883905209,0.0,0,5.0,1,1.0,1,117.0,2,0.0,0,1,False
TGTAGGTGCTCTAT-1,5,6280.0,1906,5.5092406,5.612175021599151,0.0,0,1.0,1,2.0,2,95.0,3,0.0,0,2,True
GACATTCTCCACCT-1,5,6191.0,1749,5.389181,4.8038158671119335,0.0,0,7.0,1,1.0,1,62.0,3,0.0,0,1,False
GAAAGTGAAAGTGA-1,5,6175.0,1571,5.3675976,3.887332239731522,1.0,1,6.0,1,0.0,0,135.0,3,0.0,0,1,False
TTATGGCTTATGGC-1,5,6164.0,1782,5.352759,4.973725753086954,1.0,1,3.0,1,0.0,0,47.0,2,0.0,0,1,False
GTTAACCTTGCTTT-1,5,6097.0,1643,5.262377,4.258044718222475,0.0,0,2.0,2,1.0,1,118.0,3,0.0,0,2,True
ACCCGTTGCTTCTA-1,5,6083.0,1852,5.243491,5.3341406627309365,5.0,2,5.0,2,1.0,1,5.0,3,0.0,0,3,True
GCGTAAACACGGTT-1,5,5924.0,1625,5.029003,4.165366598599737,2.0,2,4.0,1,2.0,2,120.0,2,0.0,0,3,True
TTTAGCTGTACTCT-1,5,5671.0,1560,4.687711,3.830695611073182,0.0,0,12.0,2,0.0,0,95.0,4,0.0,0,2,True
GAAGGTCTTAAAGG-1,5,5637.0,1627,4.6418457,4.175664167446707,1.0,1,7.0,1,0.0,0,125.0,2,0.0,0,1,False
ATTGTAGATTCCCG-1,5,5496.0,1647,4.451639,4.278639855916417,0.0,0,1.0,1,0.0,0,103.0,4,0.0,0,1,False
ACGTGATGCCATGA-1,5,5437.0,1414,4.3720493,3.078973085244305,0.0,0,3.0,1,3.0,1,113.0,4,0.0,0,1,False
AGCACTGATGCTTT-1,5,5149.0,1605,3.9835424,4.062390910130028,0.0,0,5.0,3,0.0,0,124.0,3,0.0,0,2,True
TTACTCGACGCAAT-1,5,5030.0,1602,3.8230138,4.046944556859572,0.0,0,3.0,1,1.0,1,71.0,3,0.0,0,1,False
CTCCACGAGAGATA-1,5,4633.0,1445,3.287468,3.238585402372354,0.0,0,3.0,1,1.0,1,67.0,3,1.0,1,2,True
CGCCTAACGAATGA-1,5,4597.0,1455,3.2389047,3.2900732466072085,0.0,0,0.0,0,1.0,1,144.0,4,0.0,0,1,False
AATTACGAATTCCT-1,5,4510.0,1313,3.1215432,2.5589458584722733,1.0,1,1.0,1,1.0,1,133.0,4,0.0,0,1,False
GGACCGTGGGAACG-1,5,4455.0,1425,3.0473492,3.135609713902645,0.0,0,2.0,1,0.0,0,134.0,4,0.0,0,1,False
TTTCGAACACCTGA-1,5,4455.0,1539,3.0473492,3.7225711381799873,0.0,0,7.0,1,0.0,0,0.0,0,0.0,0,0,False
AATGCGTGGACGGA-1,5,4432.0,1266,3.0163226,2.3169529905684567,0.0,0,4.0,2,0.0,0,69.0,4,0.0,0,2,True
ACGAACTGGCTATG-1,6,8875.0,2413,9.009848,8.222608724306278,1.0,1,9.0,2,1.0,1,33.0,3,59.0,2,3,True
GCGCATCTGGTTAC-1,6,2513.0,979,0.42762715,0.8392518610281299,0.0,0,1.0,1,1.0,1,3.0,3,52.0,2,2,True
GAGTTGTGGTAGCT-1,6,2405.0,849,0.28193715,0.16990988597502016,0.0,0,1.0,1,0.0,0,1.0,1,116.0,2,1,False
TAACACCTTGTTTC-1,6,999.0,394,-1.614731,-2.1727870267108638,0.0,0,0.0,0,0.0,0,0.0,0,70.0,2,1,False
GTCATACTTCGCCT-1,6,979.0,359,-1.6417105,-2.352994481532855,0.0,0,0.0,0,0.0,0,0.0,0,73.0,2,1,False
TTACGTACGTTCAG-1,6,942.0,321,-1.6916229,-2.5486482896253024,0.0,0,0.0,0,0.0,0,1.0,1,81.0,2,1,False
ATTCAGCTCATTGG-1,6,916.0,345,-1.7266964,-2.4250774634616517,0.0,0,0.0,0,0.0,0,6.0,2,57.0,2,2,True
ATCATCTGACACCA-1,6,736.0,366,-1.969513,-2.3169529905684567,0.0,0,0.0,0,0.0,0,1.0,1,50.0,2,1,False
GACGCTCTCTCTCG-1,6,682.0,266,-2.0423582,-2.831831432917003,0.0,0,0.0,0,0.0,0,0.0,0,75.0,2,1,False
AGTCTTACTTCGGA-1,6,663.0,273,-2.0679886,-2.7957899419526044,0.0,0,0.0,0,0.0,0,0.0,0,48.0,2,1,False
GGAACACTTCAGAC-1,6,623.0,278,-2.121948,-2.7700460198351773,1.0,1,0.0,0,0.0,0,0.0,0,36.0,2,1,False
GGCATATGGGGAGT-1,6,575.0,212,-2.1866992,-3.1098657917852175,0.0,0,0.0,0,0.0,0,2.0,2,52.0,2,2,True
ACCCACTGGTTCAG-1,6,556.0,338,-2.2123296,-2.4611189544260497,0.0,0,0.0,0,0.0,0,0.0,0,31.0,2,1,False
CCAGTCTGCGGAGA-1,7,15818.0,3400,18.375826,13.304458950286428,2.0,1,35.0,3,3.0,2,7.0,4,0.0,0,3,True
TTACTCGAACGTTG-1,7,15287.0,3302,17.659517,12.799878076784852,5.0,2,9.0,2,2.0,1,3.0,2,0.0,0,3,True
AGAGGTCTACAGCT-1,7,10762.0,2798,11.555376,10.20489072734818,21.0,2,6.0,1,60.0,2,2.0,1,0.0,0,2,True
GGCACGTGTGAGAA-1,7,10349.0,2685,10.998246,9.623078087494324,0.0,0,25.0,2,0.0,0,8.0,3,1.0,1,3,True
GCGAAGGAGAGCTT-1,7,10275.0,2703,10.898422,9.715756207117062,6.0,2,2.0,1,11.0,1,5.0,2,0.0,0,2,True
CGATACGACAGGAG-1,7,6722.0,2023,6.1054907,6.2145827991469496,11.0,2,1.0,1,2.0,1,1.0,1,0.0,0,1,False
GCCTCAACTCTTTG-1,7,5981.0,1954,5.105895,5.859316673926453,4.0,2,1.0,1,8.0,1,3.0,2,0.0,0,2,True
ACTTCAACAAGCAA-1,7,5416.0,1777,4.3437204,4.9479818309695265,8.0,1,1.0,1,7.0,1,2.0,2,0.0,0,1,False
CACCGGGACTTCTA-1,7,4295.0,1610,2.8315122,4.088134832247455,14.0,2,2.0,1,4.0,1,4.0,2,0.0,0,2,True
ACGTCGCTCCTGAA-1,7,3924.0,1589,2.3310401,3.98001035935426,0.0,0,1.0,1,66.0,3,2.0,2,0.0,0,2,True
