index,leiden,recluster_0_3,recluster_0_5,recluster_0_8,recluster_1_0
AAACATACAACCAC-1,0,0,0,0,0
AAACATTGAGCTAC-1,3,1,1,2,1
AAACATTGATCAGC-1,0,0,0,1,2
AAACCGTGCTTCCG-1,1,2,2,4,3
AAACCGTGTATGCG-1,2,3,3,5,4
AAACGCACTGGTAC-1,0,0,0,1,2
AAACGCTGACCAGT-1,2,3,3,6,5
AAACGCTGGTTCTT-1,0,3,3,6,5
AAACGCTGTAGCCA-1,2,3,3,6,5
AAACGCTGTTTCTG-1,4,2,4,7,3
AAACTTGAAAAACG-1,3,1,1,2,1
AAACTTGATCCAGA-1,0,0,0,0,0
AAAGAGACGAGATA-1,0,0,0,1,2
AAAGAGACGCGAGA-1,1,2,4,7,6
AAAGAGACGGACTT-1,2,3,3,6,5
AAAGAGACGGCATT-1,0,0,0,0,0
AAAGATCTGGGCAA-1,1,2,4,7,6
AAAGCAGAAGCCAT-1,2,3,3,6,5
AAAGCAGATATCGG-1,1,2,4,7,6
AAAGCCTGTATGCG-1,0,0,0,1,2
AAAGGCCTGTCTAG-1,3,1,1,2,1
AAAGTTTGATCACG-1,3,1,1,2,1
AAAGTTTGGGGTGA-1,3,1,1,2,1
AAAGTTTGTAGAGA-1,0,0,0,0,0
AAAGTTTGTAGCGT-1,1,2,4,7,6
AAATCAACAATGCC-1,3,1,1,2,1
AAATCAACACCAGT-1,0,0,0,0,0
AAATCAACCAGGAG-1,0,0,0,0,0
AAATCAACCCTATT-1,4,2,2,4,3
AAATCAACGGAAGC-1,0,0,0,0,0
AAATCAACTCGCAA-1,0,0,0,1,2
AAATCATGACCACA-1,4,2,2,4,3
AAATCCCTCCACAA-1,0,0,0,0,0
AAATCCCTGCTATG-1,3,1,1,2,1
AAATGTTGAACGAA-1,1,2,4,7,6
AAATGTTGCCACAA-1,0,0,0,1,2
AAATGTTGTGGCAT-1,1,2,4,7,6
AAATTCGAAGGTTC-1,0,0,0,0,0
AAATTCGAATCACG-1,1,2,4,7,6
AAATTCGAGCTGAT-1,4,2,2,4,3
AAATTCGAGGAGTG-1,0,0,0,0,0
AAATTCGATTCTCA-1,2,3,3,5,4
AAATTGACACGACT-1,2,3,3,6,5
AAATTGACTCGCTC-1,0,0,0,1,2
AACAAACTCATTTC-1,0,0,0,0,0
AACAAACTTTCGTT-1,0,0,0,0,0
AACAATACGACGAG-1,0,0,0,1,2
AACACGTGCAGAGG-1,0,0,0,1,2
AACACGTGGAAAGT-1,0,0,0,0,0
AACACGTGGAACCT-1,1,2,4,7,6
AACACGTGGCTACA-1,0,0,0,0,0
AACACGTGTACGAC-1,4,2,2,4,3
AACAGCACAAGAGT-1,1,2,4,7,6
AACATTGATGGGAG-1,4,2,2,4,3
AACCAGTGATACCG-1,4,2,2,4,3
AACCCAGATCGCTC-1,0,0,0,0,0
AACCGATGCTCCCA-1,0,0,0,1,2
AACCGATGGTCATG-1,3,1,1,2,1
AACCGATGTTCTAC-1,1,2,4,7,6
AACCGCCTAGCGTT-1,0,0,0,1,2
AACCGCCTCTACGA-1,1,2,4,7,6
AACCTACTGTGAGG-1,1,2,4,7,6
AACCTACTGTGTTG-1,0,0,0,0,0
AACCTTACGAGACG-1,0,0,0,0,0
AACCTTACGCGAGA-1,2,3,3,5,4
AACCTTACTAACGC-1,4,2,2,4,3
AACCTTTGGACGGA-1,0,0,0,0,0
AACCTTTGTACGCA-1,4,2,2,4,3
AACGCAACAAGTAG-1,0,0,0,1,2
AACGCATGACCCAA-1,0,0,0,0,0
AACGCATGCCTTCG-1,0,0,0,0,0
AACGCATGTACTTC-1,0,0,0,1,2
AACGCCCTCGGGAA-1,0,0,0,1,2
AACGCCCTCGTACA-1,2,3,3,5,4
AACGCCCTGCTTAG-1,3,1,1,2,1
AACGCCCTGGCATT-1,0,0,0,1,2
AACGTCGAGTATCG-1,2,3,3,5,4
AACGTGTGAAAGCA-1,0,0,0,1,2
AACGTGTGGCGGAA-1,3,1,1,2,1
AACGTGTGTCCAAG-1,0,0,0,1,2
AACGTGTGTGCTTT-1,0,0,0,1,2
AACTACCTTAGAGA-1,0,0,0,1,2
AACTCACTCAAGCT-1,1,2,4,7,6
AACTCACTTGGAGG-1,1,2,4,7,6
AACTCGGAAAGTGA-1,2,3,3,6,5
AACTCGGAAGGTCT-1,1,2,4,7,6
AACTCTTGCAGGAG-1,0,0,0,1,2
AACTGTCTCCCTTG-1,1,2,4,7,6
AACTTGCTACGCTA-1,3,1,1,2,1
AACTTGCTGGGACA-1,0,0,0,0,0
AAGAACGAGTGTTG-1,0,0,0,0,0
AAGAAGACGTAGGG-1,3,1,1,2,1
AAGACAGAAGTCTG-1,3,1,1,2,1
AAGACAGAGGATCT-1,0,0,0,0,0
AAGACAGATTACCT-1,1,2,4,7,6
AAGAGATGGGTAGG-1,3,1,1,2,1
AAGATGGAAAACAG-1,3,1,1,2,1
AAGATGGAGAACTC-1,1,2,4,7,6
AAGATGGAGATAAG-1,1,2,4,7,6
AAGATTACAACCTG-1,0,0,0,0,0
AAGATTACAGATCC-1,1,2,4,7,6
AAGATTACCCGTTC-1,1,2,4,7,6
AAGATTACCGCCTT-1,5,4,5,8,7
AAGATTACCTCAAG-1,2,3,3,5,4
AAGATTACTCCTCG-1,1,2,4,7,6
AAGCAAGAGCGAGA-1,0,0,0,1,2
AAGCAAGAGCTTAG-1,2,3,3,6,5
AAGCAAGAGGTGTT-1,2,3,3,5,4
AAGCACTGAGCAAA-1,3,1,1,2,1
AAGCACTGCATACG-1,0,0,0,0,0
AAGCACTGGTTCTT-1,3,1,1,2,1
AAGCCAACGTGTTG-1,0,0,0,0,0
AAGCCATGAACTGC-1,5,4,5,8,7
AAGCCATGACACGT-1,1,2,4,7,6
AAGCCATGCGTGAT-1,0,0,0,0,0
AAGCCATGTCTCGC-1,2,0,0,0,0
AAGCCTGACATGCA-1,0,0,0,1,2
AAGCCTGACCGAAT-1,1,2,4,7,6
AAGCGACTCCTCAC-1,4,2,2,4,3
AAGCGACTGTGTCA-1,0,0,0,0,0
AAGCGACTTACAGC-1,3,1,1,2,1
AAGCGACTTTGACG-1,4,2,2,4,3
AAGCGTACGTCTTT-1,0,0,0,0,0
AAGGCTTGCGAACT-1,2,3,3,6,5
AAGGTCACGGTTAC-1,1,2,4,7,6
AAGGTCACTGTTTC-1,3,1,1,2,1
AAGGTCACTTCCCG-1,2,3,3,6,5
AAGGTCTGACAGTC-1,0,0,0,1,2
AAGGTCTGCAGATC-1,0,0,0,0,0
AAGGTCTGGTATGC-1,1,2,4,7,6
AAGTAACTCTGAAC-1,1,2,4,7,6
AAGTAACTGAGATA-1,3,1,1,2,1
AAGTAGGATACAGC-1,2,3,3,5,4
AAGTATACCGAACT-1,0,0,0,1,2
AAGTCCGACTTGTT-1,0,0,0,0,0
AAGTCCGATAGAAG-1,0,0,0,0,0
AAGTCTCTAGTCGT-1,0,0,0,0,0
AAGTCTCTCGGAGA-1,2,3,3,6,5
AAGTGGCTTGGAGG-1,3,1,1,2,1
AAGTTCCTCATTCT-1,4,2,2,4,3
AAGTTCCTTCTTAC-1,0,0,0,1,5
AATAAGCTCGAATC-1,0,0,0,1,2
AATAAGCTCGTTGA-1,0,0,0,0,0
AATACCCTGGACGA-1,3,1,1,2,1
AATACCCTGGCATT-1,0,0,0,0,0
AATACTGAAAGGGC-1,2,3,3,6,5
AATACTGAATTGGC-1,2,3,3,5,4
AATAGGGAACCCTC-1,3,1,1,2,1
AATAGGGAGAATGA-1,2,3,3,6,5
AATCAAACTATCGG-1,2,3,3,6,5
AATCCGGAATGCTG-1,3,1,1,2,1
AATCCTACCGGTAT-1,0,0,0,1,2
AATCCTTGACGGGA-1,1,2,4,7,6
AATCCTTGGTGAGG-1,2,3,3,5,4
AATCGGTGGAACTC-1,2,3,3,6,5
AATCGGTGTGCTTT-1,0,0,0,0,0
AATCTAGAAAAGTG-1,0,0,0,1,2
AATCTAGAATCGGT-1,0,0,0,0,0
AATCTCACAGCCTA-1,1,2,4,7,6
AATCTCACTCTAGG-1,0,0,0,0,0
AATCTCTGAACAGA-1,0,0,0,0,0
AATCTCTGCTTTAC-1,2,3,3,5,4
AATGATACACCAAC-1,2,3,3,6,5
AATGATACGGTCAT-1,1,2,4,7,6
AATGCGTGACACCA-1,3,1,1,2,1
AATGCGTGGACGGA-1,5,4,5,8,7
AATGCGTGGCTATG-1,3,1,1,2,1
AATGGAGAATCGTG-1,1,2,4,7,6
AATGGAGATCCTTA-1,2,3,3,6,5
AATGGCTGACACCA-1,3,1,1,2,1
AATGGCTGCGTGAT-1,0,0,0,1,2
AATGGCTGTAAAGG-1,0,0,0,6,5
AATGGCTGTACTCT-1,2,3,3,6,5
AATGGCTGTGAAGA-1,0,0,0,1,2
AATGTAACGGTGGA-1,0,0,0,1,2
AATGTAACGTTTGG-1,2,3,3,6,5
AATGTCCTCTTCTA-1,0,0,0,1,5
AATGTTGACAGTCA-1,0,0,0,1,2
AATGTTGAGTTGAC-1,1,2,4,7,6
AATGTTGATCTACT-1,0,0,0,1,2
AATTACGAATTCCT-1,5,4,5,8,7
AATTACGACTTCTA-1,0,0,0,0,0
AATTACGAGTAGCT-1,2,3,3,6,5
AATTACGAGTGAGG-1,0,0,0,1,2
AATTACGATTGGCA-1,3,1,1,2,1
AATTCCTGCTCAGA-1,3,1,1,2,1
AATTGATGTCGCAA-1,4,2,2,4,3
AATTGTGACTTGGA-1,3,1,1,2,1
ACAAAGGAGGGTGA-1,0,0,0,0,0
ACAAATTGATTCTC-1,4,2,2,4,3
ACAAATTGCTCAGA-1,1,2,4,7,6
ACAAATTGTTGCGA-1,2,3,3,5,4
ACAACCGAGGGATG-1,2,3,3,5,4
ACAACCGAGTTACG-1,0,0,0,1,2
ACAAGAGAAGTCGT-1,1,2,4,7,6
ACAAGAGACTTATC-1,0,0,0,0,0
ACAAGAGAGTTGAC-1,3,1,1,2,1
ACAATCCTAACCGT-1,0,0,0,1,2
ACAATCCTTAGCGT-1,3,1,1,2,1
ACAATTGACTGACA-1,2,3,3,6,5
ACAATTGATGACTG-1,2,3,3,5,4
ACACAGACACCTGA-1,1,2,4,7,6
ACACAGACCATACG-1,2,3,3,6,5
ACACCAGAGGGCAA-1,0,3,3,6,5
ACACCCTGGTGTTG-1,2,3,3,5,4
ACACGAACAGTTCG-1,0,0,0,0,0
ACACGATGACGCAT-1,2,3,3,6,5
ACACGATGATGTGC-1,1,2,4,7,6
ACACGATGTCGTAG-1,2,3,3,6,5
ACACGATGTGGTCA-1,2,3,3,6,5
ACAGACACGGCATT-1,0,0,0,6,5
ACAGACACGTTGTG-1,0,0,0,1,2
ACAGCAACACCTAG-1,1,2,4,7,6
ACAGCAACCTCAAG-1,4,2,2,4,3
ACAGGTACCCCACT-1,0,0,0,1,2
ACAGGTACGCTGTA-1,2,3,3,6,5
ACAGGTACTGGTGT-1,2,3,3,5,4
ACAGTCGACCCAAA-1,0,0,0,0,0
ACAGTCGACCGATA-1,2,3,3,6,5
ACAGTGACTCACCC-1,0,3,3,6,5
ACAGTGACTCTATC-1,2,3,3,6,5
ACAGTGTGGTCACA-1,0,0,0,0,0
ACAGTGTGTTGCGA-1,1,2,4,7,6
ACATCACTCTACTT-1,1,2,4,7,6
ACATGGTGAAGCCT-1,0,0,0,0,0
ACATGGTGCAACCA-1,3,1,1,2,1
ACATGGTGCGAGTT-1,0,0,0,0,0
ACATGGTGCGTTGA-1,2,3,3,6,5
ACATTCTGGCATAC-1,0,0,0,1,2
ACATTCTGGGAACG-1,1,2,4,7,6
ACCAACGACATGCA-1,0,0,0,0,0
ACCACAGAAAGTAG-1,0,0,0,0,0
ACCACAGAGTTGGT-1,0,0,0,0,0
ACCACCTGTGTGCA-1,0,0,0,0,0
ACCACGCTACAGCT-1,0,0,0,1,2
ACCACGCTACCCAA-1,2,3,3,6,5
ACCACGCTGCGAGA-1,0,0,0,0,0
ACCACGCTGCTGTA-1,0,0,0,1,2
ACCAGCCTGACAGG-1,0,0,0,1,2
ACCAGTGAACGGTT-1,3,1,1,2,1
ACCAGTGAATACCG-1,4,2,2,4,3
ACCAGTGAGGGATG-1,0,0,0,0,0
ACCAGTGATGACTG-1,1,2,4,7,6
ACCATTACCTTCTA-1,0,0,0,1,2
ACCATTACGAGATA-1,0,0,0,1,2
ACCATTTGTCATTC-1,0,0,0,0,0
ACCCAAGAACTGTG-1,2,3,3,6,5
ACCCAAGAATTCCT-1,4,2,2,4,3
ACCCAAGAGGACAG-1,0,0,0,1,2
ACCCAAGATTCACT-1,3,1,1,2,1
ACCCACTGCGCCTT-1,1,2,4,7,6
ACCCACTGGACAGG-1,0,0,0,0,0
ACCCACTGGTTCAG-1,6,5,6,9,8
ACCCACTGTCGTAG-1,1,2,4,7,6
ACCCAGCTCAGAAA-1,0,0,0,0,0
ACCCAGCTGTTAGC-1,1,2,4,7,6
ACCCAGCTTGCTTT-1,0,0,0,1,2
ACCCGTTGATGACC-1,3,1,1,2,1
ACCCGTTGCTGCAA-1,0,0,0,0,0
ACCCGTTGCTTCTA-1,5,4,5,8,7
ACCCTCGACCTATT-1,0,0,0,1,2
ACCCTCGACGGTAT-1,3,1,1,2,1
ACCCTCGATAAGGA-1,1,2,4,7,6
ACCCTCGATCAAGC-1,1,2,4,7,3
ACCGTGCTACCAGT-1,0,0,0,0,2
ACCGTGCTGGAACG-1,3,1,1,2,1
ACCTATTGCTGAGT-1,3,1,1,2,1
ACCTATTGTGCCCT-1,4,2,2,4,3
ACCTCCGAGTCCTC-1,0,0,0,1,2
ACCTCCGATATGCG-1,0,0,0,1,2
ACCTCCGATGCTGA-1,0,0,0,0,0
ACCTCGTGAACCAC-1,2,3,3,6,5
ACCTGAGATATCGG-1,1,2,4,9,8
ACCTGGCTAAGTAG-1,2,3,3,5,4
ACCTGGCTGTCTTT-1,1,2,4,7,3
ACCTTTGACTCCCA-1,1,2,4,7,6
ACCTTTGAGGAACG-1,1,2,4,7,6
ACCTTTGAGGAAGC-1,4,2,2,4,3
ACGAACACCTTGTT-1,2,3,3,5,4
ACGAACTGGCTATG-1,6,5,6,9,8
ACGAAGCTCTCCAC-1,0,0,0,0,0
ACGAAGCTCTGAGT-1,3,1,1,2,1
ACGACCCTATCTCT-1,4,2,2,4,3
ACGACCCTGATGAA-1,2,0,3,6,5
ACGACCCTTGACAC-1,3,1,1,2,1
ACGACCCTTGACCA-1,0,0,0,0,0
ACGAGGGACAGGAG-1,5,4,5,8,7
ACGAGGGACGAACT-1,0,0,0,0,0
ACGAGGGATGTAGC-1,0,0,0,1,2
ACGAGTACCCTAAG-1,3,1,1,2,1
ACGAGTACGAATCC-1,3,1,1,2,1
ACGATCGAGGACTT-1,2,3,3,5,4
ACGATCGAGTCACA-1,1,2,4,7,6
ACGATGACAATGCC-1,0,0,0,1,2
ACGATGACTGGTCA-1,0,0,0,1,2
ACGATTCTACGGGA-1,2,3,3,6,5
ACGCAATGGTTCAG-1,2,3,3,5,4
ACGCACCTGTTAGC-1,3,1,1,2,1
ACGCCACTGAACTC-1,1,2,4,7,6
ACGCCGGAAACCAC-1,1,2,4,7,6
ACGCCGGAAAGCCT-1,0,0,0,0,0
ACGCCGGAAATGCC-1,0,0,0,1,2
ACGCCTTGCTCCCA-1,4,2,2,4,3
ACGCGGTGGCGAGA-1,0,0,0,1,2
ACGCGGTGTGTGGT-1,3,1,1,2,1
ACGCGGTGTTTGCT-1,2,3,3,6,5
ACGCTCACAGTACC-1,0,0,0,0,0
ACGCTCACCCTTGC-1,0,0,0,1,2
ACGCTGCTGTTCTT-1,2,3,3,5,4
ACGGAACTCAGATC-1,2,3,3,5,4
ACGGAACTGTCGTA-1,4,2,2,4,3
ACGGAGGACTCTTA-1,1,2,4,7,6
ACGGATTGGGAGGT-1,3,1,1,2,1
ACGGATTGGTTAGC-1,0,0,0,1,2
ACGGCTCTGAGCAG-1,0,0,0,1,2
ACGGCTCTTGCACA-1,0,0,0,0,0
ACGGTAACCGCTAA-1,0,0,0,1,2
ACGGTAACCTTCGC-1,2,3,3,6,5
ACGGTAACGGTGGA-1,0,0,0,0,0
ACGGTAACTCGCAA-1,2,3,3,6,5
ACGGTATGAGTCGT-1,1,2,4,7,6
ACGGTATGGGTATC-1,3,1,1,2,1
ACGGTATGGTTGTG-1,3,1,1,2,1
ACGGTCCTAACGGG-1,0,0,0,1,2
ACGGTCCTCGGGAA-1,0,0,0,0,2
ACGTAGACAACCAC-1,0,0,0,1,2
ACGTAGACTACAGC-1,3,1,1,2,1
ACGTCAGAAACGAA-1,0,0,0,1,2
ACGTCAGAGAGCTT-1,1,2,4,7,6
ACGTCAGAGGGATG-1,0,0,0,1,2
ACGTCCTGATAAGG-1,1,2,4,7,6
ACGTCCTGTGAACC-1,1,2,4,4,3
ACGTCGCTCCTGAA-1,7,1,3,3,9
ACGTCGCTCTATTC-1,1,2,4,7,6
ACGTCGCTTCTCAT-1,3,1,1,2,1
ACGTGATGCCATGA-1,5,4,5,8,7
ACGTGATGGGTCTA-1,0,0,0,0,0
ACGTGATGTAACCG-1,4,2,2,4,3
ACGTGATGTGACAC-1,2,3,3,5,4
ACGTGCCTCCGTAA-1,0,0,0,1,2
ACGTGCCTTCTATC-1,2,3,3,6,5
ACGTTACTTTCCAT-1,0,0,0,0,0
ACGTTGGAAAAGCA-1,0,0,0,0,0
ACGTTGGAAACCTG-1,2,3,3,6,5
ACGTTGGACCGTAA-1,1,2,4,7,6
ACGTTGGAGCCAAT-1,2,3,3,5,4
ACGTTGGATATGGC-1,3,1,1,2,1
ACGTTGGATCAGGT-1,1,2,4,7,6
ACGTTTACATCAGC-1,0,0,0,0,0
ACTAAAACCCACAA-1,0,0,0,6,5
ACTAAAACTCGACA-1,1,2,4,7,6
ACTACGGAATTTCC-1,0,0,0,1,2
ACTACGGACCTATT-1,0,0,0,0,0
ACTACGGATCGCTC-1,0,0,0,1,2
ACTACTACTAAGGA-1,0,0,0,0,0
ACTAGGTGGAACCT-1,0,0,0,1,5
ACTAGGTGGAACTC-1,0,0,0,1,2
ACTATCACCTTGGA-1,2,3,3,6,5
ACTATCACTGCCAA-1,0,0,0,0,0
ACTCAGGACTGAAC-1,0,0,0,1,2
ACTCAGGATCTATC-1,3,1,1,2,1
ACTCAGGATTCGTT-1,1,2,4,7,6
ACTCCTCTCAACTG-1,0,0,0,1,2
ACTCGCACGAAAGT-1,1,2,4,7,6
ACTCGCACTACGAC-1,1,2,4,7,6
ACTCTCCTGACACT-1,0,0,0,0,0
ACTCTCCTGCATAC-1,0,0,0,0,0
ACTCTCCTGTTTGG-1,0,0,0,0,0
ACTGAGACAACCAC-1,2,3,3,6,5
ACTGAGACCCATAG-1,4,2,2,4,3
ACTGAGACGTTGGT-1,3,1,1,2,1
ACTGCCACACACGT-1,0,3,3,6,5
ACTGCCACTCCGTC-1,2,3,3,5,4
ACTGGCCTTCAGTG-1,2,3,3,5,4
ACTGTGGACGTGTA-1,2,3,3,6,5
ACTGTGGATCTAGG-1,3,1,1,2,1
ACTGTTACCCACAA-1,1,2,4,7,6
ACTGTTACTGCAGT-1,0,0,0,0,0
ACTTAAGAACCACA-1,0,0,0,0,0
ACTTAAGACCACAA-1,0,0,0,0,0
ACTTAAGATTACTC-1,5,4,5,8,7
ACTTAGCTGCGTAT-1,4,2,2,4,3
ACTTAGCTGGGAGT-1,0,0,0,1,2
ACTTCAACAAGCAA-1,7,0,3,1,2
ACTTCAACGTAGGG-1,2,3,3,5,4
ACTTCCCTTTCCGC-1,0,0,0,0,0
ACTTCTGACATGCA-1,3,1,1,2,1
ACTTGACTCCACAA-1,3,1,1,2,1
ACTTGGGAGAAAGT-1,1,2,4,7,6
ACTTGGGAGGTTTG-1,0,0,0,1,2
ACTTGGGATGTGAC-1,4,2,2,4,3
ACTTGGGATTGACG-1,1,2,4,7,6
ACTTGTACCCGAAT-1,0,0,0,0,0
ACTTGTACCTGTCC-1,0,0,0,0,0
ACTTTGTGCGATAC-1,0,0,0,0,0
ACTTTGTGGAAAGT-1,0,0,0,0,0
ACTTTGTGGATAGA-1,1,2,4,7,6
AGAAACGAAAGTAG-1,3,1,1,2,1
AGAAAGTGCGCAAT-1,0,0,0,0,0
AGAAAGTGGGGATG-1,1,2,4,7,6
AGAACAGAAATGCC-1,2,3,3,5,4
AGAACAGACGACTA-1,3,1,1,2,1
AGAACAGAGACAAA-1,0,0,0,1,2
AGAACGCTTTGCTT-1,0,0,0,0,0
AGAAGATGTGACTG-1,0,0,0,1,2
AGAATGGAAGAAGT-1,2,3,3,6,5
AGAATTTGTAACCG-1,0,0,0,1,2
AGAATTTGTAGAGA-1,0,0,0,0,0
AGACACACTGTAGC-1,0,0,0,0,0
AGACACTGTCAAGC-1,1,2,4,7,6
AGACCTGAAGTAGA-1,1,2,4,7,6
AGACCTGACCAACA-1,0,0,0,1,2
AGACCTGAGGAAGC-1,2,3,3,6,5
AGACGTACAGAGGC-1,0,0,0,1,2
AGACGTACCCCTAC-1,3,1,1,2,1
AGACGTACCTCTTA-1,1,2,4,7,6
AGACGTACTCGTGA-1,4,2,2,4,3
AGACTGACCATCAG-1,2,3,3,6,5
AGACTGACCCTTTA-1,0,0,0,0,0
AGACTTCTCATGCA-1,3,1,1,2,1
AGAGATGACAGTCA-1,3,1,1,2,1
AGAGATGACTGAAC-1,0,0,0,0,0
AGAGATGAGGTTTG-1,1,2,4,7,6
AGAGATGATCTCGC-1,3,1,1,2,1
AGAGATGATTGTGG-1,0,0,0,1,2
AGAGCGGAGGCAAG-1,1,2,4,7,6
AGAGGTCTACAGCT-1,7,1,3,3,9
AGAGTCTGGTCGTA-1,4,2,2,4,3
AGAGTGCTCAGCTA-1,0,0,0,0,0
AGAGTGCTCGAATC-1,0,0,0,0,0
AGAGTGCTGTCATG-1,0,0,0,1,2
AGAGTGCTGTCCTC-1,2,3,3,6,5
AGAGTGCTGTGTTG-1,3,1,1,2,1
AGATATACCCGTAA-1,2,3,3,5,4
AGATATACGATGAA-1,0,0,0,1,2
AGATATACTGTTCT-1,3,1,1,2,1
AGATATTGCCTACC-1,2,3,3,6,5
AGATATTGGCCAAT-1,1,2,4,7,6
AGATCGTGTCTGGA-1,1,2,4,7,6
AGATCGTGTTTGTC-1,3,1,1,2,1
AGATCTCTATCACG-1,3,1,1,2,1
AGATTAACGTTCTT-1,4,2,2,4,3
AGATTCCTATCGTG-1,0,0,0,1,2
AGATTCCTCACTTT-1,1,2,4,7,6
AGATTCCTGACGAG-1,1,2,4,7,6
AGATTCCTGTTCAG-1,2,3,3,5,4
AGCAAAGATATGCG-1,0,0,0,0,0
AGCACAACAGTCTG-1,0,0,0,0,0
AGCACTGAGGGAGT-1,0,0,0,1,2
AGCACTGATATGCG-1,0,0,0,1,2
AGCACTGATGCTTT-1,5,4,5,8,7
AGCACTGATTGCGA-1,0,0,0,0,0
AGCATCGAAGATCC-1,0,0,0,1,2
AGCATCGAAGGGTG-1,3,1,1,2,1
AGCATCGAGCTTCC-1,1,2,4,7,6
AGCATCGAGTGAGG-1,0,0,0,1,2
AGCATCGATAACCG-1,1,2,4,7,6
AGCATGACGATGAA-1,2,3,3,6,5
AGCCAATGGGGAGT-1,4,2,2,4,3
AGCCAATGTATCTC-1,0,0,0,1,2
AGCCACCTGGATCT-1,2,3,3,6,5
AGCCGGTGCCAATG-1,0,0,0,1,2
AGCCGGTGTGTTTC-1,0,0,0,0,0
AGCCGTCTCAATCG-1,0,0,0,0,0
AGCCGTCTGAGAGC-1,0,0,0,1,2
AGCCTCACGTTCGA-1,0,0,0,0,0
AGCCTCACTGTCAG-1,4,2,2,4,3
AGCCTCTGCAGTTG-1,3,1,1,2,1
AGCCTCTGCCAATG-1,2,3,3,5,4
AGCGAACTGGATCT-1,0,0,0,0,0
AGCGAACTTACTGG-1,0,0,0,1,2
AGCGATACGGAGCA-1,0,0,0,0,0
AGCGATTGAGATCC-1,2,3,3,5,4
AGCGCCGAATCTCT-1,0,0,0,0,0
AGCGCCGACAGAGG-1,0,0,0,1,2
AGCGCTCTACCTTT-1,0,0,0,0,0
AGCGGCACCGGGAA-1,0,0,0,0,0
AGCGGCTGATGTGC-1,0,0,0,0,0
AGCGGGCTTGCCAA-1,0,0,0,0,0
AGCGTAACATGCTG-1,0,0,0,1,2
AGCGTAACTGAGAA-1,1,2,4,7,6
AGCTCGCTACTGGT-1,0,0,0,0,0
AGCTCGCTCTGCTC-1,0,0,0,0,0
AGCTGAACCATACG-1,4,2,2,4,3
AGCTGAACCTCTCG-1,0,0,0,1,2
AGCTGCCTTGGGAG-1,1,2,4,7,6
AGCTGCCTTTCATC-1,0,0,0,1,2
AGCTGCCTTTCTGT-1,0,0,0,0,0
AGCTGTGATCCAAG-1,0,0,0,0,5
AGCTTTACAAGTAG-1,0,0,0,0,0
AGCTTTACACCAAC-1,2,3,3,6,5
AGCTTTACTCTCAT-1,3,1,1,2,1
AGGAAATGAGGAGC-1,0,0,0,6,5
AGGAACCTCTTAGG-1,4,2,2,4,3
AGGAACCTTGCCTC-1,2,3,3,6,5
AGGAATGATAACGC-1,0,0,0,0,0
AGGAATGATTTGTC-1,0,0,0,1,2
AGGAGTCTGGTTTG-1,0,0,0,0,0
AGGAGTCTTGTCAG-1,0,0,0,0,0
AGGATAGACATTTC-1,0,0,0,1,2
AGGATAGAGGATTC-1,2,3,3,6,5
AGGATGCTACTAGC-1,3,1,1,2,1
AGGATGCTTTAGGC-1,2,3,3,5,4
AGGCAACTGAAGGC-1,0,0,0,1,2
AGGCAGGAGTACCA-1,2,3,3,6,5
AGGCCTCTAGTCGT-1,0,0,0,1,2
AGGCCTCTCGGAGA-1,0,0,0,1,2
AGGCCTCTCGTAAC-1,0,0,0,0,0
AGGGACGACGTTGA-1,0,0,0,0,0
AGGGACGAGTCAAC-1,2,3,3,5,4
AGGGACGAGTTGTG-1,0,0,0,0,0
AGGGACGATAGAGA-1,2,3,3,6,5
AGGGACGATGCATG-1,2,3,3,6,5
AGGGAGTGAGCCTA-1,0,0,0,1,2
AGGGCCACCATACG-1,0,0,0,0,0
AGGGCGCTAACCAC-1,1,2,4,7,6
AGGGCGCTATGGTC-1,0,0,0,1,2
AGGGTGGACAGTCA-1,3,1,1,2,1
AGGGTGGACTCAAG-1,1,2,4,7,6
AGGGTGGAGTTGCA-1,2,3,3,6,5
AGGGTTTGTTCATC-1,1,2,4,7,6
AGGTCATGAGTGTC-1,3,1,1,2,1
AGGTCATGCTTATC-1,2,3,3,6,5
AGGTCTGATTCTCA-1,4,2,2,4,3
AGGTGGGAAGAATG-1,0,0,0,0,0
AGGTGGGAAGTTCG-1,0,0,0,1,2
AGGTGTTGGTTACG-1,3,1,1,2,1
AGGTTCGAACCTCC-1,1,2,4,7,6
AGGTTCGAACGTAC-1,1,2,4,7,6
AGGTTCGAGGGTGA-1,0,0,0,0,0
AGTAAGGAGTTTGG-1,0,0,0,1,2
AGTAAGGATTCTTG-1,0,0,0,1,2
AGTAATACATCACG-1,2,3,3,5,4
AGTAATACCGAACT-1,3,1,1,2,1
AGTAATTGTCCCAC-1,0,0,0,1,2
AGTACGTGAGGGTG-1,0,0,0,1,2
AGTACGTGCTGCAA-1,0,0,0,1,2
AGTACGTGCTTGGA-1,0,0,0,1,2
AGTACTCTACGTGT-1,3,1,1,2,1
AGTACTCTCAACCA-1,2,3,3,6,5
AGTACTCTCGGTAT-1,0,0,0,1,2
AGTAGGCTTGCCTC-1,4,2,2,4,3
AGTATAACTTGTCT-1,4,2,2,4,3
AGTATCCTAGAACA-1,0,0,0,0,0
AGTCACGATGAGCT-1,2,3,3,5,4
AGTCAGACGAATAG-1,0,0,0,1,2
AGTCAGACGCTTAG-1,0,0,0,0,0
AGTCAGACTAGAGA-1,2,3,3,6,5
AGTCAGACTGCACA-1,0,0,0,1,2
AGTCCAGATATCTC-1,0,0,0,0,0
AGTCCAGATTTCAC-1,0,0,0,1,2
AGTCGAACCAACCA-1,0,0,0,0,0
AGTCGCCTCCGTAA-1,0,0,0,0,0
AGTCTACTAGGGTG-1,1,2,4,7,6
AGTCTACTTGCATG-1,4,2,2,4,3
AGTCTTACACCACA-1,0,0,0,0,0
AGTCTTACTTCGCC-1,2,3,3,6,5
AGTCTTACTTCGGA-1,6,5,6,9,8
AGTGACTGCAACTG-1,4,2,2,4,3
AGTGTTCTAACCTG-1,0,0,0,0,0
AGTGTTCTATAAGG-1,0,0,0,0,0
AGTGTTCTCACTTT-1,1,2,4,7,6
AGTTAAACCACTTT-1,0,0,0,1,2
AGTTATGAACAGTC-1,1,2,4,7,6
AGTTATGACTGAGT-1,0,0,0,1,2
AGTTATGAGTTCAG-1,0,0,0,1,2
AGTTCTACCAGCTA-1,1,2,4,7,6
AGTTCTTGAAGCCT-1,2,3,3,6,5
AGTTGTCTACTACG-1,0,0,0,0,0
AGTTTAGATGGTCA-1,0,0,0,0,0
AGTTTCACGGTCTA-1,2,3,3,6,5
AGTTTGCTACAGTC-1,0,0,0,0,0
AGTTTGCTACTGGT-1,2,3,3,5,4
AGTTTGCTCCAAGT-1,0,0,0,0,0
ATAAACACAGTGCT-1,3,1,1,2,1
ATAAACACCACCAA-1,0,0,0,0,0
ATAACAACATGCTG-1,1,2,4,7,6
ATAACAACGTCTAG-1,0,0,0,0,0
ATAACAACTTTGTC-1,0,0,0,0,0
ATAACATGTACTCT-1,0,0,0,1,2
ATAACCCTGTTGGT-1,0,0,0,0,0
ATAACCCTTGGTAC-1,0,0,0,1,2
ATAAGTACGAATGA-1,3,1,1,2,1
ATAAGTTGGTACGT-1,4,2,2,4,3
ATAAGTTGTCTAGG-1,0,0,0,1,2
ATAATCGAGCTGAT-1,3,1,1,2,1
ATAATCGATGGTTG-1,0,0,0,0,0
ATAATGACCTACTT-1,0,0,0,1,2
ATAATGACTCGTGA-1,1,2,4,7,6
ATACAATGTTAGGC-1,0,0,0,0,0
ATACCACTCGTACA-1,1,2,4,7,6
ATACCACTCTAAGC-1,5,4,5,8,7
ATACCACTGCCAAT-1,2,3,3,5,4
ATACCGGAATGCTG-1,5,4,5,8,7
ATACCGGACATTTC-1,1,2,4,7,6
ATACCGGACTTCGC-1,0,0,0,1,2
ATACCGGAGGTGTT-1,1,2,4,7,6
ATACCGGATCTCGC-1,0,0,0,0,0
ATACCTACGCATCA-1,0,0,0,1,2
ATACCTTGGGGCAA-1,0,0,0,0,0
ATACGGACAGACTC-1,1,2,4,7,6
ATACGGACCTACTT-1,1,2,4,7,6
ATACGGACGAGGTG-1,3,1,1,2,1
ATACGGACTATGCG-1,3,1,1,2,1
ATACGGACTCTGGA-1,1,2,4,7,6
ATACGTCTTAACGC-1,1,2,4,7,6
ATACTCTGCTTCGC-1,1,2,4,4,3
ATACTCTGGTATGC-1,2,3,3,5,4
ATAGATACCATGGT-1,0,0,0,1,2
ATAGATACGACGAG-1,0,0,0,0,0
ATAGATTGGTGTAC-1,3,1,1,2,1
ATAGCCGAACGGAG-1,0,0,0,0,0
ATAGCGTGCAGATC-1,0,0,0,1,2
ATAGCGTGCCCTTG-1,1,2,4,7,6
ATAGCGTGGTATCG-1,1,2,4,7,6
ATAGCGTGTCTCTA-1,0,0,0,1,2
ATAGCTCTCTGATG-1,0,0,0,0,0
ATAGCTCTGAGGTG-1,0,0,0,0,0
ATAGGAGAAACAGA-1,1,2,4,7,6
ATAGGCTGTCAGAC-1,0,0,0,0,0
ATAGTCCTAGTGTC-1,1,2,4,7,6
ATAGTCCTTGCATG-1,2,3,3,6,5
ATAGTCCTTGTCGA-1,0,0,0,0,0
ATAGTTGACAACTG-1,0,0,0,0,0
ATAGTTGACCCTCA-1,4,2,2,4,3
ATAGTTGAGACGTT-1,0,0,0,0,0
ATAGTTGATAAGCC-1,0,0,0,0,0
ATATACGAAGCCAT-1,0,0,0,0,0
ATATACGAATTGGC-1,0,0,0,1,2
ATATAGTGGAATGA-1,1,2,4,7,6
ATATGCCTAGATCC-1,1,2,4,7,6
ATATGCCTGGACAG-1,0,0,0,0,5
ATATGCCTTCTCTA-1,0,0,0,0,0
ATATGCCTTGGTAC-1,0,0,0,0,0
ATCAAATGAGCCTA-1,1,2,4,7,6
ATCAAATGGGTAAA-1,4,2,2,4,3
ATCAACCTAAACGA-1,0,0,0,1,2
ATCAACCTGAGGAC-1,0,0,0,0,0
ATCAACCTTCTCTA-1,2,3,3,6,5
ATCAACCTTTGTCT-1,2,3,3,6,5
ATCACACTTTGTCT-1,0,0,0,0,0
ATCACGGATTGCTT-1,1,2,4,7,6
ATCACGGATTTCGT-1,3,1,1,2,1
ATCATCTGACACCA-1,6,5,6,9,8
ATCATGCTAGAGTA-1,2,3,3,6,5
ATCATGCTGAACCT-1,3,1,1,2,1
ATCCAGGACGCTAA-1,4,2,2,4,3
ATCCAGGATGGAAA-1,0,0,0,1,2
ATCCATACTCCTTA-1,1,2,4,7,6
ATCCATACTTCATC-1,4,2,2,4,3
ATCCCGTGCAGTCA-1,2,3,3,5,4
ATCCCGTGCATGCA-1,3,1,1,2,1
ATCCCGTGGCTGAT-1,3,1,1,2,1
ATCCGCACGCATCA-1,3,1,1,2,1
ATCCTAACGACGGA-1,3,1,1,2,1
ATCCTAACGCTACA-1,2,3,3,6,5
ATCGACGAAACTGC-1,1,2,4,7,6
ATCGACGAATGACC-1,0,0,0,0,0
ATCGAGTGGACGTT-1,2,3,3,6,5
ATCGCAGAATCTCT-1,4,2,2,4,3
ATCGCAGAGTGTCA-1,3,1,1,2,1
ATCGCCACTGAGGG-1,2,3,3,6,5
ATCGCCTGGGTCAT-1,0,0,0,1,2
ATCGCCTGTGGCAT-1,3,1,1,2,1
ATCGCGCTCAGAGG-1,1,2,4,7,6
ATCGCGCTGGGATG-1,0,0,0,1,2
ATCGCGCTTTTCGT-1,3,1,1,2,1
ATCGGAACCAGTCA-1,0,0,0,0,0
ATCGGTGAGTCAAC-1,0,0,0,0,0
ATCGGTGATTGCAG-1,0,0,0,1,2
ATCGTTTGCCTACC-1,1,2,4,7,6
ATCGTTTGGGTACT-1,1,2,4,7,6
ATCGTTTGTGCCAA-1,1,2,4,7,6
ATCTACACCCGCTT-1,1,2,4,7,6
ATCTACACCGGGAA-1,0,0,0,1,2
ATCTCAACAGGAGC-1,3,1,1,2,1
ATCTCAACCTCGAA-1,0,0,0,0,0
ATCTCAACCTTGTT-1,1,2,4,7,6
ATCTGGGAAACCAC-1,1,2,4,7,6
ATCTGGGAAGTGTC-1,1,2,4,7,6
ATCTGGGATTCCGC-1,0,3,3,6,5
ATCTGTTGAACGGG-1,0,0,0,1,2
ATCTGTTGACCTCC-1,0,0,0,1,2
ATCTGTTGCCTTCG-1,4,2,2,4,3
ATCTGTTGGTTGCA-1,0,0,0,1,2
ATCTTGACACCAAC-1,0,0,0,0,0
ATCTTGACCTCCCA-1,1,2,4,7,6
ATCTTTCTGCATCA-1,0,0,0,0,0
ATCTTTCTGTTTCT-1,2,3,3,6,5
ATCTTTCTTGTCCC-1,2,3,3,5,4
ATGAAACTCTGTGA-1,0,0,0,6,2
ATGAAACTGAGGCA-1,0,0,0,0,0
ATGAAGGAACAGCT-1,2,3,3,6,5
ATGAAGGACCTGTC-1,3,1,1,2,1
ATGAAGGACCTTAT-1,3,1,1,2,1
ATGAAGGACTAGTG-1,3,1,1,2,1
ATGAAGGACTTGCC-1,2,3,3,5,4
ATGACGTGACGACT-1,3,1,1,2,1
ATGACGTGATCGGT-1,1,2,4,7,6
ATGAGAGAAAGTGA-1,0,0,0,1,2
ATGAGAGAACGCAT-1,0,0,0,0,0
ATGAGAGAAGTAGA-1,3,1,1,2,1
ATGAGCACACAGCT-1,0,0,0,0,0
ATGAGCACATCTTC-1,0,0,0,0,0
ATGATAACTTCACT-1,2,3,3,5,4
ATGATATGAAACAG-1,0,0,0,1,2
ATGATATGACTGGT-1,0,0,0,0,0
ATGATATGAGCACT-1,0,0,0,0,0
ATGATATGGTCATG-1,0,0,0,0,0
ATGATATGGTGCTA-1,2,3,3,5,4
ATGATATGTTGTCT-1,1,2,4,7,6
ATGCACGAATGTCG-1,3,1,1,2,1
ATGCACGACTGTAG-1,0,0,0,0,0
ATGCACGAGAACCT-1,3,1,1,2,1
ATGCACGAGTTCGA-1,0,0,0,0,0
ATGCACGATTGGTG-1,1,2,4,7,6
ATGCAGTGTTACCT-1,3,1,1,2,1
ATGCAGTGTTCTAC-1,0,0,0,1,2
ATGCCAGAACGACT-1,0,0,0,0,0
ATGCCAGACAGTCA-1,1,2,4,7,6
ATGCCGCTTGAACC-1,1,2,4,7,6
ATGCGATGCTATGG-1,1,2,4,7,6
ATGCGATGCTGAGT-1,0,0,0,0,0
ATGCGATGGTTACG-1,3,1,1,2,1
ATGCGCCTTCATTC-1,0,0,0,0,0
ATGCTTTGCGAATC-1,0,0,0,1,2
ATGCTTTGGGCGAA-1,2,3,3,6,5
ATGCTTTGTAGTCG-1,3,1,1,2,1
ATGGACACATCGGT-1,0,0,0,1,2
ATGGACACGCATCA-1,2,3,3,5,4
ATGGGTACAACCTG-1,3,1,1,2,1
ATGGGTACATCGGT-1,2,3,3,5,4
ATGGGTACTATTCC-1,0,0,0,1,2
ATGGGTACTGGGAG-1,0,0,0,1,2
ATGTAAACACCTCC-1,0,0,0,0,0
ATGTAAACCCGCTT-1,0,0,0,1,2
ATGTAAACGGGATG-1,5,4,5,8,7
ATGTAAACTCTCCG-1,0,0,3,1,2
ATGTAAACTTCACT-1,1,2,4,7,6
ATGTACCTCAGTCA-1,0,0,0,0,0
ATGTACCTTAGTCG-1,0,0,0,1,2
ATGTACCTTTATCC-1,1,2,4,7,6
ATGTACCTTTCACT-1,2,3,3,6,5
ATGTCACTAATGCC-1,1,2,4,7,6
ATGTCACTCTGCTC-1,0,0,0,0,0
ATGTCGGAGGTGAG-1,0,0,0,1,2
ATGTTCACAGTCTG-1,1,2,4,7,6
ATGTTCACCGTAGT-1,0,0,0,1,2
ATGTTGCTTTCAGG-1,0,0,0,1,2
ATTAACGATGAGAA-1,2,3,3,5,4
ATTAACGATGCAAC-1,2,3,3,6,5
ATTAAGACTGCAGT-1,0,0,0,1,2
ATTACCTGCCTTAT-1,1,2,4,7,6
ATTACCTGGAGGAC-1,4,2,2,4,3
ATTACCTGGGCATT-1,3,1,1,2,1
ATTAGATGTTTCAC-1,0,0,0,0,0
ATTATGGAATCTCT-1,0,0,0,1,2
ATTCAAGAACGGGA-1,0,0,0,0,0
ATTCAAGACCTTTA-1,0,0,0,1,2
ATTCAGCTCATTGG-1,6,5,6,9,8
ATTCCAACCATTGG-1,1,2,4,7,6
ATTCCAACTTAGGC-1,2,3,3,5,4
ATTCGACTCACTAG-1,0,0,0,1,2
ATTCGACTGAATAG-1,1,2,4,7,6
ATTCGACTTTTGTC-1,4,2,2,4,3
ATTCGGGAAAGGCG-1,1,2,4,7,6
ATTCGGGATTAGGC-1,0,0,0,1,2
ATTCTTCTGATACC-1,0,0,0,0,0
ATTGAATGGACGGA-1,0,0,0,0,0
ATTGATGAAGGTTC-1,0,0,0,0,0
ATTGATGACTGAGT-1,0,0,0,0,0
ATTGATGAGCGAAG-1,0,0,0,1,2
ATTGATGATCTATC-1,0,0,0,0,0
ATTGCACTGACGGA-1,0,0,0,0,0
ATTGCACTGAGAGC-1,4,2,2,4,3
ATTGCACTGGAGCA-1,1,2,4,7,6
ATTGCACTTAGCCA-1,0,0,0,0,0
ATTGCACTTGCTTT-1,4,2,2,4,3
ATTGCTTGTTACTC-1,3,1,1,2,1
ATTGGTCTGACTAC-1,3,1,1,2,1
ATTGGTCTTGTCTT-1,3,1,1,2,1
ATTGTAGATTCCCG-1,5,4,5,8,7
ATTGTAGATTGCAG-1,0,0,0,0,0
ATTGTCTGCGTACA-1,0,0,0,1,2
ATTTAGGAACCATG-1,4,2,2,4,3
ATTTAGGACAGAGG-1,0,0,0,1,2
ATTTCCGAGATGAA-1,0,0,0,1,2
ATTTCCGAGTGCTA-1,0,0,0,1,2
ATTTCGTGTATGGC-1,2,3,3,6,5
ATTTCTCTACTTTC-1,4,2,2,4,3
ATTTCTCTAGCAAA-1,0,0,0,1,2
ATTTCTCTCACTTT-1,4,2,2,4,3
ATTTCTCTTCCCAC-1,0,0,0,0,0
ATTTGCACAAGATG-1,1,2,4,7,6
CAAAGCACAGCTCA-1,0,0,0,1,2
CAAAGCACCGTAAC-1,3,1,1,2,1
CAAAGCACGGTAAA-1,2,3,3,5,4
CAAAGCTGAAAGTG-1,0,0,0,0,0
CAAAGCTGTTGCTT-1,1,2,4,7,6
CAAATATGTGACAC-1,0,0,0,0,0
CAAATTGAGGGCAA-1,0,0,0,0,0
CAAATTGATGGAGG-1,1,2,4,7,6
CAACCAGAAAAGTG-1,0,0,0,0,0
CAACCAGAAGTGCT-1,0,0,0,1,2
CAACCAGAGTTCAG-1,1,2,4,7,6
CAACCAGATAGAAG-1,1,2,4,7,6
CAACCGCTGTTCAG-1,0,0,0,0,0
CAACCGCTTTGAGC-1,0,0,0,1,2
CAACGATGCGCAAT-1,4,2,2,4,3
CAACGTGACTCCAC-1,1,2,4,7,6
CAACGTGAGCCATA-1,2,3,3,6,5
CAACGTGATCAAGC-1,1,2,4,7,6
CAAGAAGACCACAA-1,2,3,3,6,5
CAAGAAGACGTCTC-1,1,2,4,7,6
CAAGAAGATTCTAC-1,0,0,0,0,0
CAAGACTGACCTGA-1,3,1,1,2,1
CAAGACTGAGTAGA-1,3,1,1,2,1
CAAGCTGACCATAG-1,4,2,2,4,3
CAAGCTGATCTATC-1,2,3,3,6,5
CAAGGACTGTTCAG-1,0,0,0,0,0
CAAGGACTTCTTTG-1,2,3,3,6,5
CAAGGTTGCTCCAC-1,0,0,0,1,2
CAAGGTTGTCATTC-1,3,1,1,2,1
CAAGGTTGTCTGGA-1,2,3,3,5,4
CAAGTCGAAACAGA-1,3,1,1,2,1
CAAGTCGATAGCGT-1,1,2,4,7,6
CAATAAACGCCATA-1,1,2,4,7,6
CAATAATGAACTGC-1,1,2,4,7,6
CAATATGACATGGT-1,0,0,0,1,2
CAATATGACCTTCG-1,2,3,3,6,5
CAATATGACGTTAG-1,0,0,0,0,0
CAATATGAGGAGCA-1,0,0,0,1,2
CAATCGGAGAAACA-1,0,0,0,1,2
CAATCTACTGACTG-1,2,3,3,5,4
CAATTCACCCAACA-1,2,3,3,6,5
CAATTCACGATAGA-1,0,0,0,1,2
CAATTCACTTGTGG-1,0,0,0,0,0
CAATTCTGCTTGTT-1,1,2,4,7,6
CAATTCTGGCGTAT-1,1,2,4,7,6
CACAACGATACGAC-1,0,0,0,0,0
CACAATCTTGTTCT-1,0,3,3,6,5
CACAATCTTTCCAT-1,2,3,3,6,5
CACACCTGCTTGAG-1,0,0,0,0,0
CACACCTGTATGGC-1,0,0,0,0,0
CACAGAACCCTTGC-1,3,1,1,2,1
CACAGAACCTGATG-1,0,0,0,1,2
CACAGATGGGATTC-1,0,0,0,1,2
CACAGATGGTTTCT-1,1,2,4,7,6
CACAGCCTGATACC-1,0,0,0,1,2
CACAGCCTTGCCAA-1,4,2,2,4,3
CACAGCCTTGTAGC-1,0,0,0,1,2
CACAGTGATGAAGA-1,1,2,4,7,6
CACATACTACAGCT-1,2,3,3,6,5
CACATGGAACACGT-1,0,0,0,1,2
CACATGGAAGTCGT-1,0,0,0,0,0
CACCACTGCCAACA-1,0,0,0,0,0
CACCACTGGCGAAG-1,2,3,3,5,4
CACCCATGTTCTGT-1,0,0,3,6,5
CACCGGGAATCGAC-1,0,0,0,1,2
CACCGGGACGAGAG-1,2,3,3,6,5
CACCGGGACGTGTA-1,0,0,0,0,0
CACCGGGACTTCTA-1,7,0,3,1,2
CACCGGGACTTGCC-1,2,3,3,6,5
CACCGGGATTCGGA-1,2,3,3,6,5
CACCGTACTAAGGA-1,3,1,1,2,1
CACCGTACTAGCGT-1,0,0,0,1,2
CACCTGACACCCAA-1,2,3,3,6,5
CACCTGACCAGAAA-1,0,0,0,1,2
CACCTGACCTCAAG-1,2,3,3,6,5
CACCTGACGAAAGT-1,3,1,1,2,1
CACCTGACTCGTAG-1,0,0,0,0,0
CACGAAACTTCCGC-1,3,1,1,2,1
CACGACCTCGATAC-1,3,1,1,2,1
CACGCTACAGAAGT-1,0,0,0,0,0
CACGCTACTGTTCT-1,3,1,1,2,1
CACGCTACTTGACG-1,1,2,4,7,6
CACGGGACAGAGTA-1,0,0,0,1,0
CACGGGACATAAGG-1,0,0,0,1,2
CACGGGACGTAGGG-1,0,0,0,1,2
CACGGGTGCTTCGC-1,2,3,3,6,5
CACGGGTGGAGGAC-1,2,3,3,6,5
CACGGGTGTGTTTC-1,0,0,0,0,0
CACTAACTCCTAAG-1,3,1,1,2,1
CACTAACTGAAAGT-1,0,0,0,1,2
CACTAGGATGATGC-1,3,1,1,2,1
CACTATACCCCGTT-1,3,1,1,2,1
CACTATACGTTTGG-1,2,3,3,6,5
CACTGAGACAGTCA-1,1,2,4,7,6
CACTGCACTTCATC-1,0,0,0,0,0
CACTGCTGAGACTC-1,4,2,2,4,3
CACTGCTGGAAAGT-1,0,0,0,1,2
CACTTAACCGAATC-1,0,0,0,1,2
CACTTAACCGTACA-1,3,1,1,2,1
CACTTTGACTCTAT-1,2,3,3,6,5
CACTTTGAGCTGTA-1,2,3,3,6,5
CAGAAGCTCTCAAG-1,0,0,0,0,0
CAGACATGAACGGG-1,0,0,0,0,0
CAGACATGTCGACA-1,0,0,0,1,2
CAGACCCTAAGGTA-1,4,2,2,4,3
CAGACCCTAATGCC-1,0,0,0,0,0
CAGACCCTAGGAGC-1,0,0,0,1,2
CAGACTGAGTATGC-1,0,0,0,0,0
CAGATCGAATGTCG-1,3,1,1,2,1
CAGATCGACCTGAA-1,0,0,0,0,0
CAGATCGATATGGC-1,0,0,0,0,0
CAGATGACATTCTC-1,2,3,3,5,4
CAGCAATGCCTTCG-1,0,0,0,0,0
CAGCAATGGAGGGT-1,2,3,3,5,4
CAGCAATGGTGCTA-1,0,0,0,1,2
CAGCAATGTCTACT-1,1,2,4,7,6
CAGCAATGTGACCA-1,0,0,0,1,2
CAGCAATGTGAGGG-1,1,2,4,7,6
CAGCACCTAAGCCT-1,0,0,0,1,2
CAGCACCTAGGCGA-1,0,0,0,0,0
CAGCACCTGTAGGG-1,1,2,4,7,6
CAGCATGACAACCA-1,1,2,4,7,6
CAGCATGAGACGTT-1,2,3,3,6,5
CAGCCTACCCAACA-1,0,0,0,1,2
CAGCCTTGCTACCC-1,1,2,4,7,6
CAGCCTTGGGGACA-1,0,0,0,1,2
CAGCGGACACCCTC-1,0,0,0,0,0
CAGCGGACCTTTAC-1,2,3,3,5,4
CAGCGTCTAAAGCA-1,0,0,0,0,0
CAGCGTCTTATCGG-1,0,0,0,1,2
CAGCTAGATGTGAC-1,1,2,4,7,6
CAGCTCTGAGGCGA-1,0,0,0,1,2
CAGCTCTGCAAGCT-1,2,3,3,6,5
CAGCTCTGTCGTAG-1,1,2,4,7,6
CAGCTCTGTGTGGT-1,2,3,3,5,4
CAGGAACTAACTGC-1,2,3,3,6,5
CAGGAACTCTCAGA-1,1,2,4,7,6
CAGGCCGAACACCA-1,0,0,0,1,2
CAGGCCGAACACGT-1,0,0,0,1,2
CAGGCCGAACGACT-1,0,0,0,0,0
CAGGCCGAATCTCT-1,4,2,2,4,3
CAGGCCGACTAGCA-1,3,1,1,2,1
CAGGGCACCATACG-1,3,1,1,2,1
CAGGGCACCCAACA-1,0,0,0,0,0
CAGGGCACTCCCGT-1,0,0,0,1,2
CAGGTAACAGACTC-1,1,2,4,7,6
CAGGTATGAGTCGT-1,0,0,0,0,2
CAGGTATGTGCTTT-1,0,0,0,1,2
CAGGTTGAGGATCT-1,3,1,1,2,1
CAGTGATGGACGGA-1,3,1,1,2,1
CAGTGATGGCTAAC-1,2,3,3,6,5
CAGTGATGGGACAG-1,0,0,0,1,2
CAGTGATGTAAGGA-1,3,1,1,2,1
CAGTGATGTACGCA-1,3,1,1,2,1
CAGTGTGAACACGT-1,0,0,0,0,0
CAGTGTGATGTCAG-1,0,0,0,0,0
CAGTTACTAAGGTA-1,3,1,1,2,1
CAGTTACTGATAGA-1,0,0,0,1,2
CAGTTGGAAAGAGT-1,1,2,4,4,6
CAGTTGGACATACG-1,0,0,0,1,2
CAGTTTACACACGT-1,2,3,3,5,4
CAGTTTACCCCAAA-1,0,0,0,0,0
CATAAAACGGAGCA-1,1,2,4,7,6
CATAAATGAACTGC-1,0,0,0,0,0
CATAACCTTCTCCG-1,0,0,0,1,2
CATACTACCTCGAA-1,0,0,0,0,0
CATACTACCTGAAC-1,0,0,0,0,0
CATACTACGTACCA-1,1,2,4,7,6
CATACTTGGGTTAC-1,4,2,2,4,3
CATAGTCTAATCGC-1,0,0,0,0,0
CATAGTCTCACTTT-1,0,0,0,1,2
CATATAGACTAAGC-1,5,4,5,8,7
CATATAGATCAGGT-1,3,1,1,2,1
CATCAACTAGAAGT-1,0,0,0,1,2
CATCAACTCCCTCA-1,0,0,0,1,2
CATCAGGACTTCCG-1,2,3,3,5,4
CATCAGGATAGCCA-1,2,3,3,5,4
CATCAGGATCCTAT-1,4,2,2,4,3
CATCAGGATGCACA-1,1,2,4,7,6
CATCAGGATTTCGT-1,1,2,4,7,6
CATCATACCGCATA-1,1,2,4,7,6
CATCATACGGAGCA-1,3,1,1,2,1
CATCATACTCAAGC-1,0,0,0,1,2
CATCGCTGGGATCT-1,0,0,0,1,2
CATCGCTGTGGCAT-1,3,1,1,2,1
CATCGGCTATGCTG-1,0,0,0,1,2
CATCGGCTTTGGCA-1,0,0,0,0,0
CATCTCCTATGTGC-1,3,1,1,2,1
CATCTCCTCGAACT-1,4,2,2,4,3
CATGAGACACGGGA-1,3,1,1,2,1
CATGAGACGTTGAC-1,2,3,3,5,4
CATGAGACTCGCCT-1,0,0,0,0,0
CATGCCACGGGTGA-1,0,0,0,0,0
CATGCCACTGCCAA-1,0,0,0,1,2
CATGCGCTAGTCAC-1,4,2,2,4,3
CATGCGCTCAGATC-1,1,2,4,7,6
CATGCGCTTTGCAG-1,4,2,2,4,3
CATGGCCTAGGGTG-1,1,2,4,7,6
CATGGCCTGTGCAT-1,0,0,0,0,0
CATGTACTATCGTG-1,2,3,3,6,5
CATGTTACAGTCGT-1,2,3,3,6,5
CATGTTACCTGAGT-1,0,0,0,0,0
CATGTTTGGGGATG-1,1,2,4,7,6
CATTACACACGGAG-1,3,1,1,2,1
CATTACACCAACTG-1,2,3,3,5,4
CATTACACGGAGTG-1,0,0,0,1,2
CATTACACTACTCT-1,0,0,0,0,0
CATTAGCTCCACAA-1,1,2,4,7,6
CATTGACTAGCGGA-1,1,2,4,7,6
CATTGGGACTCGAA-1,0,0,0,0,0
CATTGTACAGCGTT-1,0,0,0,0,0
CATTGTACTCGATG-1,3,1,1,2,1
CATTGTACTTATCC-1,0,0,0,0,0
CATTGTACTTTGCT-1,4,2,2,4,3
CATTGTTGCTAGTG-1,0,0,0,0,0
CATTTCGACTCTAT-1,2,3,3,6,5
CATTTCGAGATACC-1,2,3,3,5,4
CATTTGACCACACA-1,2,3,3,6,5
CATTTGACCCTGAA-1,2,3,3,6,5
CATTTGTGACGACT-1,3,1,1,2,1
CATTTGTGCATTGG-1,0,0,0,1,2
CATTTGTGCGGAGA-1,0,0,0,0,0
CATTTGTGGGATCT-1,3,1,1,2,1
CCAAAGTGCTACGA-1,1,2,4,7,6
CCAAAGTGTGAGAA-1,1,2,4,7,6
CCAACCTGAAGTAG-1,2,3,3,6,5
CCAACCTGACGTAC-1,1,2,4,7,6
CCAACCTGTTCGCC-1,1,2,4,7,6
CCAAGAACCCAATG-1,0,0,0,1,2
CCAAGAACGTAGCT-1,0,0,0,1,2
CCAAGAACGTGTCA-1,0,0,0,1,2
CCAAGAACTACTGG-1,2,3,3,6,5
CCAAGAACTCCTAT-1,3,1,1,2,1
CCAAGATGTCATTC-1,0,0,0,1,2
CCAAGATGTTTCAC-1,0,0,0,0,0
CCAAGTGAGGAACG-1,0,0,0,0,0
CCAAGTGATCAAGC-1,0,0,0,1,2
CCAATGGAACAGCT-1,1,2,4,7,6
CCAATTTGAACGTC-1,1,2,4,7,6
CCACCATGAACGTC-1,0,0,0,0,0
CCACCATGATCGGT-1,0,0,0,0,0
CCACCATGGACGAG-1,4,2,2,4,3
CCACCATGGGGAGT-1,0,0,0,0,0
CCACCATGTCCTGC-1,2,3,3,6,5
CCACTGACCCGCTT-1,1,2,4,7,6
CCACTGTGGGAAGC-1,1,2,4,7,6
CCACTGTGTGTAGC-1,0,0,0,0,0
CCACTTCTCGGGAA-1,1,2,4,7,6
CCAGAAACCCTGTC-1,3,1,1,2,1
CCAGAAACGAACTC-1,0,0,0,1,2
CCAGAAACGGTCTA-1,0,0,0,0,0
CCAGACCTCTGAGT-1,1,2,4,7,6
CCAGACCTTGTGGT-1,0,0,0,0,0
CCAGCACTGCGATT-1,4,2,2,4,3
CCAGCGGAAAGGCG-1,1,2,4,7,6
CCAGCGGACGACTA-1,1,2,4,7,6
CCAGCGGATGGGAG-1,0,0,0,1,2
CCAGCTACACAGTC-1,0,0,0,0,0
CCAGCTACCAGCTA-1,3,1,1,2,1
CCAGGTCTACACCA-1,3,1,1,2,1
CCAGGTCTAGCATC-1,1,2,4,7,6
CCAGGTCTATGGTC-1,0,0,0,0,2
CCAGTCACACTGGT-1,1,2,4,7,6
CCAGTCACACTGTG-1,3,1,1,2,1
CCAGTCACGTTGTG-1,0,0,0,0,0
CCAGTCTGCGGAGA-1,7,1,3,3,9
CCAGTGCTAACCAC-1,0,0,0,1,2
CCAGTGCTCGTAGT-1,0,0,0,1,2
CCATCCGAAAGCAA-1,0,0,0,0,0
CCATCCGAACGACT-1,0,3,3,6,5
CCATCCGAAGGTTC-1,3,1,1,2,1
CCATCCGATTCGCC-1,1,2,4,7,6
CCATCGTGAACGGG-1,0,0,0,1,2
CCATCGTGCTAGAC-1,4,2,2,4,3
CCCAACACCTCGCT-1,3,1,1,2,1
CCCAACACGCATCA-1,0,0,0,0,0
CCCAACACTTTGTC-1,1,2,4,7,6
CCCAACTGCAATCG-1,1,2,4,7,6
CCCAGACTGCCTTC-1,1,2,4,7,6
CCCAGACTGGTTTG-1,3,1,1,2,1
CCCAGACTTTCGCC-1,4,2,2,4,3
CCCAGTTGCAGTTG-1,1,2,4,7,6
CCCAGTTGGGTACT-1,0,3,3,6,5
CCCAGTTGTCTATC-1,3,1,1,2,1
CCCGATTGTGTTTC-1,0,0,0,0,0
CCCGGAGAAGGGTG-1,1,2,4,7,6
CCCTACGAATTGGC-1,1,2,4,7,6
CCCTAGTGCAAAGA-1,0,0,0,1,2
CCCTCAGACACTTT-1,3,1,1,2,1
CCCTCAGACGAGAG-1,0,0,0,0,0
CCCTCAGAGGTCAT-1,0,0,0,0,0
CCCTGAACTAAAGG-1,3,1,1,2,1
CCCTGATGCAACCA-1,0,0,0,1,2
CCCTGATGCAAGCT-1,3,1,1,2,1
CCCTTACTAACCAC-1,1,2,4,7,6
CCCTTACTGCAGTT-1,2,3,3,6,5
CCGAAAACCTTGTT-1,1,2,4,4,3
CCGACACTGGTTTG-1,0,0,0,1,2
CCGACTACCCAGTA-1,1,2,4,7,6
CCGACTACCGTGTA-1,0,0,0,0,0
CCGACTACTGAGGG-1,0,0,0,1,2
CCGATAGACCTAAG-1,0,0,0,0,0
CCGATAGAGTTGGT-1,1,2,4,7,6
CCGCGAGACACACA-1,1,2,4,7,6
CCGCGAGAGGTTCA-1,2,3,3,6,5
CCGCTATGGGACGA-1,3,1,1,2,1
CCGCTATGTGCAAC-1,1,2,4,7,6
CCGCTATGTGCACA-1,1,2,4,7,6
CCGGTACTGTCCTC-1,0,0,0,1,2
CCGTACACAAGCAA-1,0,0,0,0,0
CCGTACACAGCGTT-1,3,1,1,2,1
CCGTACACGTCATG-1,2,3,3,6,5
CCGTACACGTTGGT-1,1,2,4,7,6
CCGTACACTAACGC-1,2,3,3,6,5
CCTAAACTTTCGTT-1,0,0,0,0,0
CCTAAGGACCCAAA-1,0,0,0,0,0
CCTAAGGACTAGCA-1,1,2,4,7,6
CCTAAGGAGGGCAA-1,0,0,3,6,5
CCTAAGGATGATGC-1,0,0,0,1,2
CCTAAGGATGTCAG-1,0,0,0,0,0
CCTACCGACTCTTA-1,0,0,0,0,0
CCTACCGAGGGATG-1,3,1,1,2,1
CCTAGAGAGGTGAG-1,3,1,1,2,1
CCTATAACCAAAGA-1,0,0,0,0,0
CCTATAACGAGACG-1,4,2,2,4,3
CCTATAACTCAGAC-1,0,0,0,0,0
CCTATAACTGCATG-1,4,2,2,4,3
CCTCGAACACTTTC-1,2,3,3,5,4
CCTCGAACCCGTAA-1,1,2,4,7,6
CCTCGAACGTATCG-1,0,0,0,1,2
CCTCGAACTTACTC-1,0,0,0,1,2
CCTCTACTCTTCGC-1,1,2,4,7,6
CCTCTACTGGCATT-1,0,0,0,0,0
CCTGACTGAAGTAG-1,2,3,3,6,5
CCTGACTGGGGAGT-1,0,0,0,0,0
CCTGACTGTGTCTT-1,3,1,1,2,1
CCTGCAACACGTTG-1,1,2,4,7,6
CCTGGACTCGTGAT-1,0,0,0,0,0
CCTTAATGCCCAAA-1,3,1,1,2,1
CCTTAATGTTCTAC-1,4,2,2,4,3
CCTTCACTACGACT-1,0,0,0,0,0
CCTTCACTCAGTCA-1,3,1,1,2,1
CCTTCACTGGAGTG-1,1,2,4,7,6
CCTTTAGATTCATC-1,1,2,4,7,6
CGAACATGCCCTAC-1,1,2,4,7,6
CGAACATGTCAGAC-1,0,0,0,1,2
CGAAGACTGGAACG-1,2,3,3,6,5
CGAAGACTGTTACG-1,0,0,0,1,2
CGAAGGGAAACCTG-1,2,3,3,6,5
CGAAGGGATCCGAA-1,3,1,1,2,1
CGAAGTACCAACTG-1,3,1,1,2,1
CGAATCGAGGAGCA-1,1,2,4,7,6
CGAATCGAGGAGGT-1,0,0,0,0,0
CGACAAACCCATAG-1,0,0,0,0,2
CGACAAACCGACAT-1,3,1,1,2,1
CGACCACTAAAGTG-1,2,3,3,5,4
CGACCACTGCCAAT-1,2,3,3,5,4
CGACCGGAAGGTCT-1,0,0,0,0,0
CGACCGGATGGAAA-1,0,0,0,1,2
CGACCTTGCTAGTG-1,0,0,0,1,2
CGACCTTGGCAAGG-1,0,0,0,0,0
CGACGTCTATCGTG-1,0,3,3,6,5
CGACGTCTCGTGTA-1,0,0,0,0,0
CGACGTCTGAGGCA-1,0,0,0,0,0
CGACTCACGTCGTA-1,0,0,0,0,2
CGACTCACGTTGCA-1,0,0,0,0,0
CGACTCTGTGTGAC-1,0,0,0,1,2
CGACTGCTTCCTCG-1,1,2,4,7,6
CGAGAACTAAGGCG-1,2,3,3,6,5
CGAGAACTACGTTG-1,0,0,0,0,0
CGAGAACTTGTTCT-1,1,2,4,7,6
CGAGATTGGACACT-1,2,3,3,6,5
CGAGATTGGCCATA-1,2,3,3,6,5
CGAGCCGAACACCA-1,0,0,0,0,0
CGAGCCGACGACAT-1,2,3,3,6,5
CGAGCCGAGGCGAA-1,2,0,0,6,5
CGAGCGTGCTCCAC-1,0,0,0,1,2
CGAGCGTGGATACC-1,0,0,0,1,2
CGAGCGTGTATGCG-1,1,2,4,7,6
CGAGGAGACCTCCA-1,3,1,1,2,1
CGAGGAGATGTCGA-1,0,0,0,0,0
CGAGGCACCTATGG-1,2,3,3,6,5
CGAGGCACTATGCG-1,1,2,4,7,6
CGAGGCACTCTTCA-1,0,0,0,6,5
CGAGGCTGACGCTA-1,2,3,3,5,4
CGAGGCTGGCAGTT-1,1,2,4,7,6
CGAGGGCTACGACT-1,3,1,1,2,1
CGAGGGCTCGAATC-1,0,0,0,0,0
CGAGTATGTCACCC-1,4,2,2,4,3
CGATACGAACAGTC-1,1,2,4,7,6
CGATACGACAGGAG-1,7,1,3,3,9
CGATACGATTCACT-1,3,1,1,2,1
CGATAGACCCGTAA-1,1,2,4,7,6
CGATAGACCGTACA-1,0,0,0,1,2
CGATAGACGTAGGG-1,1,2,4,7,6
CGATAGACTGTTCT-1,0,0,0,1,2
CGATCAGAAGAACA-1,2,3,3,6,5
CGATCAGAGAGGGT-1,0,0,0,1,2
CGATCAGAGGTACT-1,0,0,0,1,2
CGATCAGATGTGAC-1,5,4,5,8,7
CGATCCACCGGGAA-1,2,3,3,6,5
CGATCCACTTCCAT-1,3,1,1,2,1
CGCAAATGCTCGAA-1,0,0,0,0,0
CGCAACCTCCTTGC-1,0,0,0,1,2
CGCAACCTGGACGA-1,0,0,0,0,0
CGCACGGAGGACGA-1,3,1,1,2,1
CGCACGGATCTTTG-1,0,0,0,0,0
CGCACTACAGAATG-1,0,0,0,0,0
CGCACTACAGCCAT-1,0,0,0,1,2
CGCACTACATTGGC-1,0,0,0,0,2
CGCACTACTCGCCT-1,3,1,1,2,1
CGCACTACTCGTGA-1,2,0,0,1,5
CGCACTTGTCACGA-1,1,2,4,7,6
CGCAGGACAGATCC-1,2,3,3,6,5
CGCAGGACCTACTT-1,0,0,0,0,0
CGCAGGACTTGTCT-1,4,2,2,4,3
CGCAGGTGCACTGA-1,0,0,0,1,2
CGCAGGTGCCATAG-1,4,2,2,4,3
CGCAGGTGGGAACG-1,0,0,0,1,2
CGCATAGATCACGA-1,1,2,4,7,6
CGCCATACTGCAAC-1,0,0,0,1,2
CGCCATTGAGAGGC-1,0,0,0,0,0
CGCCATTGCTATGG-1,0,0,0,1,2
CGCCATTGGAGACG-1,0,0,0,1,2
CGCCATTGGAGCAG-1,3,1,1,2,1
CGCCATTGTACTGG-1,3,1,1,2,1
CGCCGAGAGCTTAG-1,2,3,3,5,4
CGCCTAACGAATGA-1,5,4,5,8,7
CGCCTAACTGCTCC-1,0,0,0,1,2
CGCGAGACACAGCT-1,0,0,3,6,5
CGCGAGACAGGTCT-1,3,1,1,2,1
CGCGAGACGCTACA-1,0,0,0,1,5
CGCGATCTCAGTCA-1,1,2,4,7,6
CGCGATCTGTTGAC-1,1,2,4,7,6
CGCGATCTTTCTTG-1,3,1,1,2,1
CGCGGATGGCCAAT-1,0,0,0,1,2
CGCTAAGAATGTCG-1,0,0,0,1,2
CGCTAAGACAACTG-1,0,0,0,0,0
CGCTAAGACCCTTG-1,0,0,0,1,2
CGCTACTGAACAGA-1,1,2,4,7,6
CGCTACTGAGAACA-1,0,0,0,0,0
CGCTACTGTGAGCT-1,0,0,0,0,0
CGCTACTGTTCCCG-1,2,3,3,6,5
CGCTCATGCATTTC-1,1,2,4,7,6
CGGAATTGCACTAG-1,0,0,0,0,0
CGGAATTGGTTTGG-1,0,0,0,1,5
CGGAATTGTGGAGG-1,0,0,0,0,0
CGGACCGATGCGTA-1,2,3,3,6,5
CGGACCGATGGGAG-1,0,0,0,0,0
CGGACTCTAAACAG-1,3,1,1,2,1
CGGACTCTCCAATG-1,0,0,0,1,2
CGGACTCTCCTCGT-1,2,3,3,5,4
CGGAGGCTATTCCT-1,0,0,0,0,0
CGGAGGCTTGGATC-1,0,0,0,0,0
CGGATAACAACGAA-1,1,2,4,7,6
CGGATAACAGCTCA-1,0,0,0,1,2
CGGATAACTCAGTG-1,1,2,4,7,6
CGGCACGAACTCAG-1,2,3,3,6,5
CGGCACGAAGGGTG-1,0,0,0,1,2
CGGCACGACTACGA-1,4,2,2,4,3
CGGCATCTTAGAAG-1,2,0,0,1,2
CGGCATCTTCGTAG-1,1,2,4,7,6
CGGCCAGAAAGGTA-1,0,0,0,1,2
CGGCCAGAGAGGCA-1,2,3,3,6,5
CGGCGAACCAGTCA-1,1,2,2,4,3
CGGCGAACGACAAA-1,2,3,3,5,4
CGGCGAACGGTCTA-1,0,0,0,1,2
CGGCGAACTACTTC-1,2,3,3,5,4
CGGGACTGCGTGTA-1,0,0,0,1,2
CGGGACTGGAATAG-1,2,3,3,6,5
CGGGCATGACCCAA-1,2,3,3,6,5
CGGGCATGTCTCTA-1,2,3,3,5,4
CGGGCATGTTGTGG-1,0,0,0,0,0
CGGTAAACTCGCAA-1,0,0,0,1,2
CGGTCACTGTTTGG-1,0,0,0,1,2
CGGTCACTTACTTC-1,0,0,0,1,2
CGTAACGAATCAGC-1,0,0,0,0,0
CGTAACGATCGCCT-1,0,0,0,1,2
CGTACCACACACAC-1,0,0,0,1,2
CGTACCACACGTTG-1,0,0,0,1,2
CGTACCACCTCATT-1,0,0,0,0,0
CGTACCACGCTACA-1,2,0,0,0,0
CGTACCACGGAGCA-1,0,0,0,0,0
CGTACCTGGACGAG-1,4,2,4,7,3
CGTACCTGGCATCA-1,2,3,3,5,4
CGTAGCCTCTCTCG-1,1,2,4,7,6
CGTAGCCTGCGAAG-1,0,0,0,1,2
CGTAGCCTGTATGC-1,4,2,2,4,3
CGTCAAGAAAGGTA-1,1,2,4,7,6
CGTCAAGAACGTGT-1,0,0,0,0,2
CGTCAAGACAGAGG-1,0,0,0,1,2
CGTCAAGACAGGAG-1,2,3,3,6,5
CGTCCATGCTCTTA-1,0,0,0,1,2
CGTCGACTTTCCGC-1,2,3,3,6,5
CGTGATGACGCTAA-1,0,0,0,0,0
CGTGATGAGGTTCA-1,2,3,3,6,5
CGTGCACTTATGGC-1,1,2,4,7,6
CGTGTAGAAAAACG-1,0,0,0,1,2
CGTGTAGACGATAC-1,2,3,3,5,4
CGTGTAGAGTTACG-1,2,3,3,5,4
CGTGTAGAGTTCAG-1,1,2,4,7,6
CGTGTAGATTCGGA-1,2,3,3,5,4
CGTTAGGAAACCAC-1,0,0,0,0,0
CGTTAGGATCATTC-1,1,2,4,7,6
CGTTATACCCTGAA-1,2,3,3,6,5
CGTTTAACTGGTCA-1,0,0,0,1,2
CTAAACCTCTGACA-1,2,3,3,5,4
CTAAACCTGTGCAT-1,3,1,1,2,1
CTAACACTAACGTC-1,0,0,0,1,2
CTAACACTAGTGCT-1,4,2,4,7,6
CTAACGGAACCGAT-1,2,3,3,5,4
CTAACGGATTTCTG-1,0,0,0,0,0
CTAACTACGGCAAG-1,0,0,0,0,0
CTAAGGACACCATG-1,0,0,0,0,0
CTAAGGACCGTTAG-1,0,0,0,1,2
CTAAGGACGCCATA-1,1,2,4,7,6
CTAAGGTGCCTAAG-1,3,1,1,2,1
CTAAGGTGTTGCAG-1,0,0,0,1,2
CTAAGGTGTTTCTG-1,0,0,0,0,0
CTAATAGAGCTATG-1,0,0,0,0,0
CTAATGCTTGTGGT-1,1,2,4,7,6
CTACAACTCCCGTT-1,2,3,3,6,5
CTACCTCTCAACCA-1,0,0,0,6,5
CTACGCACACCTAG-1,4,2,2,4,3
CTACGCACTCTCCG-1,0,0,0,1,2
CTACGCACTGGTCA-1,2,3,3,5,4
CTACGGCTTTCTTG-1,1,2,4,7,6
CTACTATGAACCAC-1,1,2,4,7,6
CTACTATGATGTGC-1,1,2,4,7,6
CTACTATGCTAAGC-1,2,0,0,1,0
CTACTATGTAAAGG-1,3,1,1,2,1
CTACTCCTATGTCG-1,2,3,3,5,4
CTACTCCTGCCATA-1,1,2,4,7,6
CTAGAGACACTTTC-1,0,0,0,1,2
CTAGAGACAGCATC-1,2,3,3,6,5
CTAGAGACTTTGGG-1,1,2,4,4,3
CTAGATCTCTCTAT-1,0,0,0,1,2
CTAGATCTTCGACA-1,0,0,0,1,2
CTAGGATGAGCCTA-1,3,1,1,2,1
CTAGGATGATCGTG-1,3,1,1,2,1
CTAGGCCTCTCAGA-1,0,0,0,1,2
CTAGGTGATGGTTG-1,4,2,2,4,3
CTAGTTACCAGAGG-1,0,0,0,0,0
CTAGTTACCGCATA-1,0,0,0,1,2
CTAGTTACGAAACA-1,2,3,3,5,4
CTAGTTTGAGTACC-1,2,3,3,6,5
CTATAAGATCGTTT-1,3,1,1,2,1
CTATACTGAGGTTC-1,1,2,4,7,6
CTATACTGCCAGTA-1,0,0,0,0,0
CTATACTGCGCTAA-1,1,2,4,7,6
CTATACTGCTACGA-1,2,3,3,5,4
CTATACTGTCTCAT-1,2,3,3,5,4
CTATACTGTTCGTT-1,0,0,0,1,2
CTATAGCTGTCACA-1,0,0,0,0,0
CTATAGCTTCGCTC-1,1,2,4,7,6
CTATAGCTTGCCTC-1,1,2,4,7,6
CTATCAACGAACTC-1,0,0,0,1,2
CTATCAACGCAGAG-1,0,0,0,1,2
CTATCAACTTTGGG-1,0,0,0,0,0
CTATCCCTCCACCT-1,1,2,4,7,6
CTATGTACGAGAGC-1,0,0,0,1,2
CTATGTACGCTTAG-1,0,0,0,0,0
CTATGTACTGTTTC-1,3,1,1,2,1
CTATGTTGAAAGCA-1,0,0,0,1,2
CTATGTTGTCCTCG-1,0,0,0,0,0
CTATGTTGTCTCGC-1,0,0,0,1,2
CTATTGACAAACGA-1,1,2,4,7,6
CTATTGACACTGGT-1,1,2,4,7,6
CTATTGACGGTGAG-1,4,2,2,4,3
CTATTGTGGCAAGG-1,0,3,3,6,5
CTCAATTGGTTCAG-1,0,0,0,1,2
CTCAATTGGTTGCA-1,1,2,4,7,6
CTCAGAGATAGAAG-1,0,0,0,0,0
CTCAGCACTCTAGG-1,0,0,0,1,2
CTCAGCACTGAACC-1,1,2,4,7,6
CTCAGCACTTGCAG-1,0,0,0,1,2
CTCAGCTGAACCTG-1,1,2,4,7,6
CTCAGCTGCAGTTG-1,0,0,0,0,0
CTCAGCTGTTTCTG-1,0,3,3,6,5
CTCAGGCTCGTTGA-1,4,2,2,4,3
CTCAGGCTGCTAAC-1,0,0,0,0,0
CTCATTGACCTTAT-1,0,0,0,1,2
CTCATTGATGCTTT-1,1,2,4,4,3
CTCATTGATTGCTT-1,1,2,4,7,6
CTCCACGAGAGATA-1,5,4,5,8,7
CTCCATCTCTTAGG-1,0,0,0,0,0
CTCCATCTGACGAG-1,0,0,0,1,2
CTCCGAACAAGTGA-1,4,2,2,4,3
CTCCTACTGCCTTC-1,1,2,4,7,6
CTCGAAGATGTGGT-1,0,0,0,0,0
CTCGAAGATTAGGC-1,1,2,4,7,6
CTCGACTGCTCTAT-1,0,0,0,0,0
CTCGACTGGGTGAG-1,0,0,0,0,0
CTCGACTGGTTGAC-1,2,3,3,5,4
CTCGAGCTCTGGAT-1,2,3,3,6,5
CTCGCATGACTTTC-1,0,0,3,6,5
CTCGCATGCTTAGG-1,0,0,0,0,0
CTCTAAACCTCGAA-1,0,0,0,0,0
CTCTAAACGGCGAA-1,0,0,0,0,0
CTCTAATGTCCAAG-1,1,2,4,7,6
CTGAACGACAGTCA-1,0,0,0,1,2
CTGAACGATGAGGG-1,0,0,0,1,2
CTGAAGACCCAACA-1,0,0,0,1,2
CTGAAGACGTGCAT-1,3,1,1,2,1
CTGAAGTGAAGCCT-1,4,2,2,4,3
CTGAAGTGCAGCTA-1,3,1,1,2,1
CTGAAGTGGCTATG-1,0,0,0,0,0
CTGAAGTGTCCAGA-1,0,0,0,1,2
CTGAATCTGAATAG-1,0,0,0,1,2
CTGACAGAATCGTG-1,2,3,3,6,5
CTGACCACAGCAAA-1,0,0,0,1,0
CTGAGAACCGGGAA-1,0,0,0,1,2
CTGAGAACGTAAAG-1,2,3,3,5,4
CTGATACTAGTAGA-1,0,0,0,0,0
CTGATTTGGTGTTG-1,1,2,4,7,6
CTGCAGCTAACCGT-1,0,0,0,0,0
CTGCAGCTGACACT-1,0,0,0,0,0
CTGCAGCTGGATTC-1,1,2,4,4,3
CTGCAGCTTGGCAT-1,2,3,3,6,5
CTGCCAACAGGAGC-1,2,3,3,6,5
CTGCCAACCAGCTA-1,0,0,0,1,2
CTGCCAACTAACCG-1,1,2,4,7,6
CTGCCAACTGCTCC-1,2,3,3,6,5
CTGCCAACTTGCAG-1,0,0,0,0,0
CTGCCAACTTGCTT-1,2,3,3,6,5
CTGCGACTCCACCT-1,2,3,3,6,5
CTGGAAACAAACGA-1,2,3,3,6,5
CTGGAAACATCGAC-1,0,0,0,1,2
CTGGATGACTGGAT-1,2,3,3,6,5
CTGGATGACTTGTT-1,0,0,0,0,0
CTGGATGATGTGAC-1,3,1,1,2,1
CTGGCACTCAAGCT-1,1,2,4,7,6
CTGGCACTGGACAG-1,2,3,3,6,5
CTGTAACTAACCAC-1,0,0,0,1,2
CTGTAACTAGCGTT-1,0,0,0,0,0
CTGTATACGTAAAG-1,0,0,0,0,0
CTGTATACGTACGT-1,1,2,4,7,6
CTGTATACGTTGGT-1,0,0,0,1,2
CTGTGAGACAACCA-1,4,2,2,4,3
CTGTGAGACCTTGC-1,2,3,3,6,5
CTGTGAGACGAACT-1,1,2,4,7,6
CTGTGAGACTGTAG-1,1,2,4,7,6
CTTAAAGAACCTGA-1,0,0,0,0,0
CTTAACACCTGTAG-1,0,0,0,1,2
CTTAACACGAGCTT-1,0,0,0,1,2
CTTAACACTATCGG-1,3,1,1,2,1
CTTAAGCTACCTAG-1,0,0,0,1,2
CTTAAGCTAGTACC-1,0,0,0,0,0
CTTAAGCTCATCAG-1,0,0,0,0,0
CTTAAGCTCCGCTT-1,3,1,1,2,1
CTTAAGCTTCCTCG-1,2,3,3,6,5
CTTACAACTAACGC-1,0,0,0,1,2
CTTACAACTCCCGT-1,1,2,4,7,6
CTTACTGACGTACA-1,0,0,0,0,0
CTTAGACTAAACGA-1,0,0,0,1,2
CTTAGGGACTTGCC-1,0,0,0,1,2
CTTAGGGAGAATCC-1,0,0,0,0,0
CTTATCGACTCATT-1,0,0,0,1,2
CTTCACCTACCTGA-1,4,2,2,4,3
CTTCATGAAGCATC-1,3,1,1,2,1
CTTCATGAAGTACC-1,0,0,0,0,0
CTTCATGACCGAAT-1,2,3,3,6,5
CTTGAACTACGCAT-1,0,0,0,0,0
CTTGATTGAGGTTC-1,2,3,3,6,5
CTTGATTGATCTTC-1,1,2,4,7,8
CTTGATTGCATTCT-1,0,0,0,1,2
CTTGATTGTTTCGT-1,0,0,0,1,2
CTTGTATGACACCA-1,3,1,1,2,1
CTTGTATGCGCAAT-1,3,1,1,2,1
CTTTACGAGCGAAG-1,0,0,0,0,0
CTTTAGACCGTGAT-1,0,0,0,0,0
CTTTAGACGAGACG-1,0,0,0,0,0
CTTTAGACGATACC-1,0,0,0,0,0
CTTTAGACGTTGGT-1,2,3,3,6,5
CTTTAGACTCATTC-1,0,3,3,6,5
CTTTAGTGACGGGA-1,2,3,3,5,4
CTTTAGTGGGTGGA-1,0,0,0,0,0
CTTTCAGAGAAACA-1,0,0,0,1,2
CTTTGATGAGCACT-1,0,0,0,0,0
CTTTGATGTCTAGG-1,2,0,3,1,2
CTTTGATGTGTCCC-1,0,0,0,0,0
CTTTGATGTGTGGT-1,0,0,0,0,0
GAAACAGAACTACG-1,0,0,0,1,2
GAAACAGAATCACG-1,0,0,0,1,2
GAAACAGACATTCT-1,0,0,0,1,2
GAAACCTGATCGTG-1,0,0,0,1,2
GAAACCTGATGCCA-1,0,0,0,1,2
GAAACCTGCTTATC-1,0,0,0,1,2
GAAACCTGGACTAC-1,4,2,2,4,3
GAAACCTGTGCTAG-1,0,0,0,1,2
GAAAGATGATTTCC-1,0,0,0,1,2
GAAAGATGCTGATG-1,4,2,2,4,3
GAAAGATGCTTCGC-1,1,2,4,7,6
GAAAGATGTAAGGA-1,0,0,0,0,0
GAAAGATGTTTGCT-1,2,3,3,6,5
GAAAGCCTACGTTG-1,3,1,1,2,1
GAAAGTGAAAGTGA-1,5,4,5,8,7
GAAAGTGACCACAA-1,1,2,4,7,6
GAAAGTGACTCAAG-1,0,0,0,1,2
GAAATACTACCAAC-1,1,2,4,7,6
GAAATACTCTTAGG-1,3,1,1,2,1
GAAATACTTCCTCG-1,0,0,0,1,2
GAACACACGTGCAT-1,1,2,4,7,6
GAACACACTGCCTC-1,0,0,0,0,0
GAACAGCTAACTGC-1,1,2,4,7,6
GAACAGCTCTCAGA-1,4,2,2,4,3
GAACCAACCACAAC-1,0,0,0,0,0
GAACCAACTTCCGC-1,2,3,3,5,4
GAACCTGAACGTGT-1,0,0,3,1,2
GAACCTGAGAGACG-1,0,0,0,1,2
GAACCTGATGAACC-1,0,0,0,1,2
GAACGGGATACTTC-1,0,0,0,0,0
GAACGTTGACGGAG-1,2,3,3,6,5
GAACTGTGACCTGA-1,4,2,2,4,3
GAACTGTGCCAGTA-1,1,2,4,7,6
GAAGAATGCAATCG-1,0,0,0,0,0
GAAGCGGACCTATT-1,1,2,4,7,6
GAAGCTACGAATGA-1,1,2,4,7,6
GAAGCTACGGTTTG-1,0,0,0,1,2
GAAGGGTGAAAGTG-1,0,0,0,1,2
GAAGGGTGCTTAGG-1,1,2,4,7,6
GAAGGTCTGAAAGT-1,0,0,0,1,2
GAAGGTCTGTTGCA-1,0,0,0,0,0
GAAGGTCTTAAAGG-1,5,4,5,8,7
GAAGTAGACTCCCA-1,2,3,3,6,5
GAAGTAGATCCAAG-1,4,2,2,4,3
GAAGTCACCCTCGT-1,1,2,4,7,6
GAAGTCACCCTGTC-1,3,1,1,2,1
GAAGTCTGTCGCAA-1,3,1,1,2,1
GAAGTCTGTTCTGT-1,0,0,0,0,0
GAAGTGCTAAACGA-1,2,3,3,5,4
GAAGTGCTCCGCTT-1,1,2,4,7,6
GAAGTGCTTAACCG-1,0,0,0,1,2
GAATGCACCCTAAG-1,0,0,0,1,2
GAATGCACCTTCGC-1,2,3,3,5,4
GAATGCTGCGGTAT-1,0,0,0,0,0
GAATGGCTAAGATG-1,0,0,0,0,0
GAATTAACGATAAG-1,0,0,0,1,2
GAATTAACGGTCAT-1,0,0,0,0,0
GAATTAACGTCGTA-1,2,3,3,5,4
GAATTAACTGAAGA-1,3,1,1,2,1
GACAACACAGGCGA-1,0,0,0,0,0
GACAACACATCGTG-1,0,0,0,0,2
GACAACACTCGCCT-1,0,0,0,0,0
GACAACTGAGGTTC-1,0,0,0,1,2
GACAGGGAAGAGTA-1,3,1,1,2,1
GACAGGGAATGCCA-1,0,0,0,1,2
GACAGTACGAGCTT-1,4,2,2,4,3
GACAGTACTTCGGA-1,4,2,2,4,3
GACAGTTGAGTAGA-1,3,1,1,2,1
GACATTCTCCACCT-1,5,4,5,8,7
GACCAAACGACTAC-1,1,2,4,7,6
GACCAAACGTATCG-1,1,2,4,7,6
GACCATGACTCTCG-1,1,2,4,7,6
GACCCTACTAAAGG-1,3,1,1,2,1
GACCTAGACCTCAC-1,0,0,0,0,5
GACCTAGACGAGAG-1,0,0,0,6,5
GACCTCACAAGGTA-1,0,0,0,0,0
GACCTCACGTACGT-1,1,2,4,7,6
GACCTCTGCATCAG-1,0,0,0,1,2
GACGAACTCCCACT-1,0,0,0,0,0
GACGATTGCCAATG-1,3,1,1,2,1
GACGCCGACCTTCG-1,0,0,0,1,2
GACGCTCTCTCTCG-1,6,5,6,9,8
GACGGCACACGGGA-1,2,3,3,5,4
GACGGCACGAGATA-1,1,2,4,7,6
GACGTAACCTATGG-1,0,0,0,0,0
GACGTAACCTGTGA-1,0,0,0,1,2
GACGTAACTATGGC-1,0,0,0,1,2
GACGTATGTTGACG-1,0,0,0,1,2
GACGTATGTTTGCT-1,0,0,0,0,0
GACGTCCTACGGAG-1,0,0,0,0,0
GACGTCCTCTCAAG-1,1,2,4,7,6
GACGTCCTGATAAG-1,3,1,1,2,1
GACTACGATGGTCA-1,3,1,1,2,1
GACTCCTGCTCGCT-1,0,0,0,0,0
GACTCCTGGGTTAC-1,0,0,0,0,2
GACTCCTGTTATCC-1,0,0,0,1,2
GACTCCTGTTGGTG-1,1,2,4,7,6
GACTGAACAACCGT-1,3,1,1,2,1
GACTGAACCAATCG-1,1,2,4,7,6
GACTGATGTGATGC-1,0,0,0,0,0
GACTTTACATGCCA-1,0,0,0,0,0
GACTTTACGACAGG-1,3,1,1,2,1
GAGAAATGTTCTCA-1,3,1,1,2,1
GAGATAGAAAAAGC-1,1,2,4,7,6
GAGATCACGACAAA-1,4,2,2,4,3
GAGATGCTCTGGAT-1,2,3,3,6,5
GAGATGCTGAATGA-1,0,0,0,1,2
GAGCAGGATTCCCG-1,2,3,3,6,5
GAGCATACTTTGCT-1,4,2,2,4,3
GAGCGCACGCGTAT-1,1,2,4,7,6
GAGCGCACGGTGAG-1,2,3,3,6,5
GAGCGCTGAAGATG-1,2,3,3,5,4
GAGCGCTGTCTTAC-1,1,2,4,7,6
GAGCGGCTGGGAGT-1,3,1,1,2,1
GAGGACGACTCAGA-1,0,0,0,0,0
GAGGATCTGAAAGT-1,3,1,1,2,1
GAGGCAGACTTGCC-1,2,3,3,6,5
GAGGGAACACCAGT-1,0,0,0,1,2
GAGGGAACGAGGGT-1,0,0,0,1,5
GAGGGATGGGAAAT-1,0,0,0,1,2
GAGGGCCTTCACCC-1,0,0,0,1,2
GAGGGTGAAGAGTA-1,0,0,0,0,0
GAGGTACTACGGTT-1,0,0,0,0,0
GAGGTACTACTCAG-1,1,2,4,7,6
GAGGTACTGACACT-1,2,3,3,5,4
GAGGTACTGGGAGT-1,0,0,0,0,0
GAGGTACTTAGCGT-1,1,2,4,7,6
GAGGTGGAGTACGT-1,0,0,0,0,0
GAGGTGGATCCTCG-1,2,3,3,5,4
GAGGTTACTCGTTT-1,1,2,4,7,6
GAGGTTTGTAAGCC-1,1,2,4,7,6
GAGTCAACCATTCT-1,0,0,0,0,0
GAGTCAACGGGAGT-1,0,0,0,0,0
GAGTCTGATCGTGA-1,0,0,0,0,0
GAGTCTGATTTGGG-1,3,1,1,2,1
GAGTGACTCAGCTA-1,0,0,0,1,2
GAGTGACTCGGTAT-1,2,3,3,6,5
GAGTGACTCTTGCC-1,3,1,1,2,1
GAGTGACTGACTAC-1,3,1,1,2,1
GAGTGACTGTCTAG-1,0,0,0,1,2
GAGTGGGAGTCTTT-1,3,1,1,2,1
GAGTGGGATGCCCT-1,0,0,0,0,0
GAGTGGGATGCTGA-1,3,1,1,2,1
GAGTGTTGCTGTAG-1,0,0,0,1,2
GAGTGTTGTGGTCA-1,0,0,0,0,0
GAGTTGTGCATGGT-1,1,2,4,7,6
GAGTTGTGCTGAGT-1,2,3,3,6,5
GAGTTGTGGCGAGA-1,1,2,4,7,6
GAGTTGTGGTAGCT-1,6,5,6,9,8
GAGTTGTGTATGCG-1,4,2,2,4,3
GATAAGGAGAAACA-1,1,2,4,7,6
GATAAGGATTCACT-1,1,2,4,7,6
GATACTCTATCGGT-1,0,0,0,1,2
GATACTCTTACTTC-1,0,0,0,1,2
GATACTCTTGACTG-1,1,2,4,7,6
GATAGAGAAGGGTG-1,2,3,3,5,4
GATAGAGACTGTGA-1,0,0,0,1,2
GATAGAGATCACGA-1,5,4,5,8,7
GATAGCACCCATAG-1,0,0,0,1,2
GATAGCACGAAGGC-1,1,2,4,7,6
GATAGCACTTGTCT-1,0,0,0,0,0
GATATAACAAGGTA-1,0,0,0,1,2
GATATAACACGCAT-1,0,0,0,0,0
GATATATGCTGGAT-1,0,0,0,0,0
GATATATGTCCGTC-1,2,3,3,6,5
GATATATGTGGAGG-1,1,2,4,7,6
GATATCCTAGAAGT-1,0,0,0,1,2
GATATCCTCCCGTT-1,1,2,4,7,6
GATATTGACAGGAG-1,2,3,3,6,5
GATATTGACGAGTT-1,4,2,2,4,3
GATATTGAGCCAAT-1,0,0,0,0,0
GATCCCTGACCTTT-1,2,3,3,5,4
GATCCCTGTGTAGC-1,2,3,3,6,5
GATCCGCTGGTCAT-1,1,2,4,7,6
GATCGAACCGAGAG-1,0,0,0,1,2
GATCGATGACTAGC-1,3,1,1,2,1
GATCGATGGTAAAG-1,3,1,1,2,1
GATCGATGTAAGGA-1,1,2,4,7,6
GATCGTGACACTAG-1,0,0,0,1,2
GATCGTGATTCACT-1,0,0,0,1,2
GATCTACTGGTGAG-1,2,3,3,6,5
GATCTACTTTGCAG-1,3,1,1,2,1
GATCTTACACCCAA-1,4,2,2,4,3
GATCTTACCCTACC-1,0,0,0,1,2
GATCTTACGAATAG-1,1,2,4,7,6
GATCTTACGAGATA-1,1,2,4,7,6
GATGCAACTCCAGA-1,0,0,0,1,2
GATGCCCTACGTAC-1,0,0,0,1,2
GATGCCCTCTCATT-1,0,0,0,1,2
GATGCCCTGGCAAG-1,1,2,4,7,6
GATGCCCTTTTGCT-1,0,0,0,0,0
GATTACCTTGTTCT-1,0,0,0,0,0
GATTCGGAACGACT-1,0,0,0,0,0
GATTCGGACAGGAG-1,1,2,4,7,6
GATTCGGAGAAGGC-1,4,2,2,4,3
GATTCTTGATTCGG-1,1,2,4,7,6
GATTCTTGCCGATA-1,0,0,0,1,2
GATTCTTGCGAGTT-1,3,1,1,2,1
GATTGGACCCGTTC-1,3,1,1,2,1
GATTGGACGGTGTT-1,3,1,1,2,1
GATTGGACTTTCGT-1,3,1,1,2,1
GATTGGTGTGTCAG-1,0,0,0,1,2
GATTTAGACACTCC-1,4,2,2,4,3
GATTTAGACTAAGC-1,3,1,1,2,1
GATTTAGATTCGTT-1,1,2,4,7,6
GATTTGCTAACGAA-1,0,0,0,0,0
GATTTGCTAACGGG-1,1,2,4,7,6
GCAACCCTCCTCGT-1,1,2,4,7,6
GCAACTGATTGCGA-1,0,0,0,0,0
GCAAGACTACTGGT-1,0,0,0,1,2
GCAAGACTAGGTCT-1,0,0,0,1,2
GCAAGACTCCCTTG-1,0,0,0,1,2
GCAATCGACTGCAA-1,2,3,3,6,5
GCAATCGAGACGTT-1,1,2,4,4,3
GCAATCGATCCTTA-1,1,2,4,7,6
GCAATTCTCGTGTA-1,0,0,0,1,2
GCAATTCTTCTCCG-1,0,0,0,1,2
GCACAAACAATGCC-1,0,0,0,6,5
GCACAAACGGTACT-1,0,0,0,1,2
GCACAATGGTGCAT-1,5,4,5,8,7
GCACACCTGTGCTA-1,2,3,3,5,4
GCACCACTCATGAC-1,1,2,4,7,6
GCACCACTGTTTGG-1,1,2,4,7,6
GCACCACTTCCTTA-1,2,3,3,5,4
GCACCACTTTCGGA-1,1,2,4,7,6
GCACCTACGCGATT-1,0,0,0,1,2
GCACCTTGGCTGTA-1,0,0,0,0,0
GCACCTTGGGGAGT-1,1,2,4,4,3
GCACGGACCAGCTA-1,0,0,0,1,2
GCACGGTGACCTCC-1,0,0,0,1,2
GCACGGTGCTATGG-1,1,2,4,7,6
GCACTAGAACGGGA-1,0,0,0,1,2
GCACTAGAAGATGA-1,3,1,1,2,1
GCACTAGACCTTTA-1,4,2,2,4,3
GCACTAGACGTAAC-1,3,1,1,2,1
GCACTAGAGTCGTA-1,2,3,3,5,4
GCACTAGATGCAAC-1,0,0,0,1,2
GCACTGCTGAGGCA-1,2,0,0,1,5
GCAGATACAGCGTT-1,2,3,3,6,5
GCAGATACGACGGA-1,0,0,0,0,0
GCAGATACGCAGAG-1,0,0,0,1,2
GCAGCCGACAGTCA-1,0,0,0,0,0
GCAGCGTGCACTCC-1,0,0,0,1,2
GCAGCTCTCAATCG-1,0,0,0,0,0
GCAGCTCTGTTTCT-1,0,0,0,1,2
GCAGGGCTAAGAAC-1,0,0,0,0,0
GCAGGGCTAAGGGC-1,0,0,0,6,5
GCAGGGCTATCGAC-1,2,3,3,5,4
GCAGGGCTTGGGAG-1,2,3,3,6,5
GCAGTCCTAACTGC-1,0,0,0,0,0
GCAGTCCTCTCTTA-1,0,0,0,0,0
GCATCAGATGCGTA-1,2,3,3,6,5
GCATGTGACAAGCT-1,0,0,0,0,0
GCATTGGAGAAGGC-1,0,0,0,1,2
GCCAAAACGAGGCA-1,2,3,3,6,5
GCCAAATGATCGAC-1,0,0,0,6,5
GCCAACCTACGGTT-1,0,0,0,0,0
GCCAACCTCGCCTT-1,0,0,0,0,0
GCCACGGAGGCGAA-1,1,2,4,7,6
GCCACGGATACTGG-1,0,0,0,0,0
GCCACTACCTACTT-1,3,1,1,2,1
GCCACTACGTCTTT-1,0,0,0,0,2
GCCCAACTACCGAT-1,0,0,0,1,2
GCCCAACTATGGTC-1,2,3,3,6,5
GCCCATACAGCGTT-1,0,0,0,1,5
GCCGACGAACTCTT-1,1,2,4,7,6
GCCGAGTGCGTTGA-1,2,0,3,1,2
GCCGGAACGAACTC-1,2,3,3,6,5
GCCGGAACGTTCTT-1,2,3,3,5,4
GCCGGAACTGCACA-1,2,3,3,5,4
GCCGGAACTTACTC-1,0,0,0,0,0
GCCGTACTACCTGA-1,0,0,0,0,0
GCCGTACTGGCAAG-1,1,2,4,7,6
GCCTACACAGTTCG-1,2,3,3,5,4
GCCTACACCACTGA-1,4,2,2,4,3
GCCTACACCTTGAG-1,0,0,0,0,0
GCCTAGCTACGGAG-1,3,1,1,2,1
GCCTAGCTCTATTC-1,0,0,0,1,2
GCCTAGCTTCTCAT-1,0,0,0,0,0
GCCTAGCTTCTCTA-1,4,2,2,4,3
GCCTCAACCATGGT-1,0,0,0,1,2
GCCTCAACTCTTTG-1,7,1,3,3,9
GCCTCATGTCTTAC-1,2,3,3,6,5
GCCTGACTCTCAAG-1,1,2,4,7,6
GCGAAGGAACTCTT-1,0,0,0,0,0
GCGAAGGAGAGCTT-1,7,1,3,3,9
GCGAAGGATGCCAA-1,0,0,0,0,0
GCGAGAGAGGGACA-1,0,0,0,1,2
GCGAGCACTGTCGA-1,3,1,1,2,1
GCGAGCACTTGACG-1,0,0,0,1,2
GCGAGCACTTGCTT-1,1,2,4,7,6
GCGATATGGTACGT-1,0,0,0,1,2
GCGATATGGTGTTG-1,0,0,0,0,0
GCGCACGAAGTCGT-1,0,0,0,0,0
GCGCACGACTTTAC-1,1,2,4,7,6
GCGCATCTAGGTCT-1,0,0,0,0,0
GCGCATCTGGTTAC-1,6,5,6,9,8
GCGCATCTTCGATG-1,0,0,0,0,0
GCGCATCTTGCTCC-1,2,3,3,5,4
GCGCATCTTTCTAC-1,0,0,0,1,2
GCGCGAACGTTCTT-1,3,1,1,2,1
GCGCGATGAACGGG-1,0,0,0,0,0
GCGCGATGGTGCAT-1,2,3,3,5,4
GCGGAGCTCCTGAA-1,0,0,0,0,0
GCGGCAACCCGATA-1,0,0,0,1,2
GCGGCAACGGAGGT-1,3,1,1,2,1
GCGGCAACTGTCGA-1,1,2,4,7,6
GCGTAAACACGGTT-1,5,4,5,8,7
GCGTAATGCACCAA-1,4,2,2,4,3
GCGTATGAACACCA-1,0,0,0,1,2
GCGTATGATGAGAA-1,1,2,4,7,6
GCTACAGAAAGGTA-1,0,0,0,0,0
GCTACAGAATCTTC-1,3,1,1,2,1
GCTACAGATCTTAC-1,0,0,0,0,0
GCTACCTGAGAAGT-1,1,2,4,7,6
GCTACCTGATCACG-1,0,0,0,1,2
GCTACGCTAGAATG-1,0,0,0,0,0
GCTACGCTAGCTAC-1,0,0,0,0,0
GCTACGCTCCCTAC-1,0,0,0,1,2
GCTAGAACAGAGGC-1,3,1,1,2,1
GCTAGAACGGATCT-1,0,0,0,1,2
GCTAGAACTCCCGT-1,0,0,0,0,0
GCTAGATGAGCTCA-1,1,2,4,7,6
GCTAGATGGCGATT-1,2,3,3,6,5
GCTATACTAAGGCG-1,0,0,0,1,2
GCTATACTAGCGTT-1,2,3,3,6,5
GCTATACTCTCTTA-1,0,0,0,0,0
GCTATACTGGACGA-1,0,0,0,1,2
GCTCAAGAACCATG-1,4,2,2,4,3
GCTCAAGAAGTCAC-1,1,2,4,4,3
GCTCAGCTGTCTAG-1,0,0,0,0,0
GCTCCATGAGAAGT-1,2,3,3,5,4
GCTCCATGCCGAAT-1,0,0,0,0,0
GCTCGACTCTAGTG-1,1,2,4,7,6
GCTGATGAGGTATC-1,1,2,4,7,6
GCTTAACTACAGTC-1,1,2,4,7,6
GCTTAACTACTGGT-1,2,3,3,6,5
GCTTAACTGCTGAT-1,0,0,0,1,2
GCTTAACTTAGACC-1,1,2,4,7,6
GCTTAACTTCAGTG-1,0,0,0,1,2
GGAACACTCACTTT-1,1,2,4,7,6
GGAACACTTCAGAC-1,6,5,6,9,8
GGAACTACTACTTC-1,0,0,0,1,2
GGAACTTGAAGGTA-1,1,2,4,7,6
GGAACTTGAGAATG-1,0,0,0,0,0
GGAACTTGCTCCAC-1,1,2,4,7,6
GGAACTTGGGTAGG-1,3,1,1,2,1
GGAAGGACATCGGT-1,1,2,4,7,6
GGAAGGACCACTAG-1,0,0,0,1,2
GGAAGGACGAGGGT-1,0,0,0,1,2
GGAAGGACGCGAAG-1,0,0,3,6,5
GGAAGGTGGCGAGA-1,2,3,3,5,4
GGAATCTGAAGGGC-1,0,0,0,0,0
GGAATCTGAGGAGC-1,0,0,0,1,2
GGAATCTGCTTAGG-1,3,1,1,2,1
GGAATCTGCTTGTT-1,1,2,4,7,6
GGAATCTGGGAGGT-1,0,0,0,1,2
GGAATGCTTTCTAC-1,0,0,0,0,0
GGACAGGAAAGGGC-1,2,3,3,6,5
GGACAGGAGTGCTA-1,3,1,1,2,1
GGACAGGATCTCGC-1,0,0,0,1,2
GGACCCGAAGCTAC-1,1,2,4,7,6
GGACCGTGCTTACT-1,1,2,4,7,6
GGACCGTGGGAACG-1,5,4,5,8,7
GGACCGTGTAACGC-1,0,0,0,1,2
GGACCTCTGTAAGA-1,1,2,4,7,6
GGACCTCTTTTCTG-1,2,3,3,6,5
GGACGAGAGTGTCA-1,1,2,4,7,6
GGACGCTGACGCAT-1,2,3,3,6,5
GGACGCTGCTAGCA-1,0,0,0,0,0
GGACGCTGTCCTCG-1,2,3,3,5,4
GGAGAGACGTGAGG-1,0,1,1,2,1
GGAGCAGATTCAGG-1,3,1,1,2,1
GGAGCCACCTTCTA-1,3,1,1,2,1
GGAGCGCTACGCAT-1,1,2,4,7,6
GGAGCGCTCCGAAT-1,0,0,0,1,2
GGAGGATGCCACCT-1,0,0,0,0,0
GGAGGATGGTTGAC-1,1,2,4,7,6
GGAGGATGTCAGTG-1,1,2,4,7,6
GGAGGCCTCGTTGA-1,2,3,3,5,4
GGAGGCCTTTCTTG-1,0,0,0,0,0
GGAGGTGATACGCA-1,0,0,0,1,2
GGAGGTGATCGCTC-1,0,0,0,0,0
GGATACTGCAGCTA-1,0,0,0,1,2
GGATACTGTCTAGG-1,0,0,0,1,2
GGATAGCTCGTCTC-1,0,0,0,1,2
GGATAGCTCTGAAC-1,2,3,3,6,5
GGATGTACCAAAGA-1,3,1,1,2,1
GGATGTACGCGAAG-1,0,0,0,0,0
GGATGTACGTCTTT-1,1,2,4,7,6
GGATGTACGTGTCA-1,2,3,3,6,5
GGATTTCTAGGTTC-1,0,0,0,1,2
GGATTTCTTTGTCT-1,1,2,4,7,6
GGCAAGGAAAAAGC-1,2,3,3,5,4
GGCAAGGAAGAAGT-1,0,0,0,1,2
GGCAAGGACTTGGA-1,1,2,4,7,6
GGCAAGGAGGACTT-1,0,0,0,0,0
GGCAATACGCTAAC-1,3,1,1,2,1
GGCAATACGGCATT-1,2,3,3,6,5
GGCAATACGTTTCT-1,3,1,1,2,1
GGCACGTGGCTTAG-1,4,2,2,4,3
GGCACGTGTGAGAA-1,7,1,3,3,9
GGCACTCTTTTGTC-1,0,0,0,1,2
GGCATATGCTTATC-1,2,3,3,5,4
GGCATATGGGGAGT-1,6,5,6,9,8
GGCATATGTGTGAC-1,0,0,3,1,2
GGCCACGACAGAGG-1,0,0,0,0,0
GGCCAGACTGGTTG-1,0,0,0,1,2
GGCCCAGAAAGTAG-1,1,2,4,7,6
GGCCGAACAACGAA-1,0,0,0,0,0
GGCCGAACGCAGAG-1,0,0,0,0,0
GGCCGAACGTAGGG-1,0,0,0,0,0
GGCCGAACTCTAGG-1,2,3,3,5,4
GGCCGATGCAGGAG-1,0,0,0,1,2
GGCCGATGCCGAAT-1,0,0,0,1,2
GGCCGATGTACTCT-1,2,3,3,6,5
GGCGACACTGCCCT-1,2,3,3,6,5
GGCGACTGCGTAAC-1,0,0,0,1,2
GGCGCATGCCTAAG-1,4,2,2,4,3
GGCGCATGCTCCAC-1,0,0,0,1,2
GGCGCATGTGGAAA-1,0,0,0,0,0
GGCGGACTAGAGGC-1,0,0,0,1,2
GGCGGACTAGGAGC-1,2,3,3,6,5
GGCGGACTCTGACA-1,0,0,0,0,0
GGCGGACTCTTGGA-1,2,3,3,6,5
GGCGGACTTACTGG-1,0,0,0,0,0
GGCGGACTTGAACC-1,0,0,0,0,0
GGCTAAACACCTGA-1,2,3,3,5,4
GGCTAAACTCTTAC-1,0,0,0,0,0
GGCTAATGAGCACT-1,2,3,3,6,5
GGCTAATGGTCTAG-1,0,0,0,0,0
GGCTCACTACTCAG-1,1,2,4,7,6
GGGAACGAAGCTCA-1,4,2,2,4,3
GGGAACGACACAAC-1,3,1,1,2,1
GGGAACGAGTGTCA-1,1,2,4,7,6
GGGAAGTGTTGAGC-1,1,2,4,7,6
GGGACCACACGTTG-1,2,3,3,6,5
GGGACCACAGAACA-1,0,0,0,0,0
GGGACCACGAATAG-1,0,0,0,1,2
GGGACCACGTCATG-1,0,0,0,0,0
GGGACCACTCAAGC-1,0,0,0,0,0
GGGACCACTCGTGA-1,0,0,0,0,0
GGGACCACTGCATG-1,0,0,0,0,0
GGGACCTGACCCTC-1,1,2,4,7,6
GGGACCTGCTTGCC-1,0,0,0,0,0
GGGACCTGTGGAGG-1,3,1,1,2,1
GGGATGGACGACAT-1,3,1,1,2,1
GGGATGGATACTTC-1,0,0,0,1,2
GGGATGGATGGTTG-1,1,2,4,7,6
GGGATTACGTCTAG-1,0,0,0,1,2
GGGCAAGATGCATG-1,1,2,4,7,6
GGGCACACGGTGAG-1,4,2,2,4,3
GGGCACACGTTGCA-1,0,0,0,1,2
GGGCAGCTTGGGAG-1,2,3,3,6,5
GGGCAGCTTTTCTG-1,0,0,0,0,0
GGGCCAACCTTGGA-1,5,4,5,8,7
GGGCCAACGCGTTA-1,3,1,1,2,1
GGGCCAACTACGCA-1,1,2,4,7,6
GGGCCAACTCCAAG-1,3,1,1,2,1
GGGCCATGATGGTC-1,2,3,3,6,5
GGGCCATGTTGACG-1,0,0,0,1,2
GGGTAACTCAGCTA-1,0,0,0,1,2
GGGTAACTCTAGTG-1,3,1,1,2,1
GGGTAACTCTGGAT-1,0,0,0,0,2
GGGTTAACGTGCAT-1,2,3,3,5,4
GGTAAAGAGCTAAC-1,2,3,3,5,4
GGTACAACTGCAAC-1,0,0,0,1,2
GGTACATGAAAGCA-1,3,1,1,2,1
GGTACATGAGCTCA-1,0,3,3,6,5
GGTACATGCGGTAT-1,0,0,0,0,0
GGTACATGGTTACG-1,0,0,0,0,0
GGTACATGTGGGAG-1,0,0,0,1,2
GGTACTGAACTCTT-1,1,2,4,7,6
GGTAGTACACCACA-1,2,3,3,6,5
GGTAGTACACTAGC-1,1,2,4,7,6
GGTAGTACCCTGTC-1,0,0,0,0,0
GGTAGTACGCCATA-1,1,2,4,7,6
GGTAGTACTGTCTT-1,0,0,3,6,5
GGTATCGAGACAAA-1,1,2,4,7,6
GGTATCGATGAACC-1,3,1,1,2,1
GGTCAAACCAAAGA-1,0,0,0,1,2
GGTCTAGAGAAACA-1,1,2,4,7,6
GGTCTAGATAGCGT-1,1,2,4,7,6
GGTGATACCGACTA-1,3,1,1,2,1
GGTGATACGACTAC-1,1,2,4,7,6
GGTGATACTGTTTC-1,0,0,0,0,0
GGTGGAGAAACGGG-1,2,3,3,5,4
GGTGGAGAAGTAGA-1,0,0,0,1,2
GGTGGAGACAGATC-1,2,3,3,5,4
GGTGGAGATCGATG-1,0,0,0,1,2
GGTGGAGATCTCTA-1,1,2,4,7,6
GGTGGAGATTACTC-1,2,3,3,6,5
GGTTTACTACGCAT-1,2,3,3,6,5
GTAACGTGACCTCC-1,1,2,4,7,6
GTAACGTGATCGGT-1,3,1,1,2,1
GTAACGTGCAGCTA-1,3,1,1,2,1
GTAACGTGGTTGAC-1,3,1,1,2,1
GTAAGCACAACGGG-1,0,0,0,1,2
GTAAGCACTCATTC-1,3,1,1,2,1
GTAAGCTGGTACCA-1,1,2,4,7,6
GTAATAACCTTCTA-1,1,2,4,7,6
GTAATAACGTTGTG-1,0,0,0,0,0
GTACCCTGACAGTC-1,4,2,2,4,3
GTACCCTGGAGCTT-1,0,0,0,0,2
GTACCCTGTCCTTA-1,2,3,3,6,5
GTACCCTGTGAACC-1,0,0,0,0,0
GTACGTGAACGTTG-1,2,3,3,6,5
GTACTTTGTCGACA-1,2,3,3,6,5
GTAGACTGAGATGA-1,1,2,4,7,6
GTAGACTGTATTCC-1,0,0,0,0,0
GTAGCAACAGTCGT-1,1,2,4,7,6
GTAGCAACCATTTC-1,3,1,1,2,1
GTAGCAACGGTAGG-1,1,2,4,7,6
GTAGCATGCACTCC-1,3,1,1,2,1
GTAGCATGTAAGCC-1,1,2,4,7,6
GTAGCCCTGACGTT-1,0,0,0,0,0
GTAGCTGAAGCTAC-1,4,2,2,4,3
GTAGCTGAATTCGG-1,0,0,0,1,2
GTAGGTACACGGGA-1,1,2,4,7,6
GTAGTGACCTCATT-1,0,0,0,0,0
GTAGTGTGAGCGGA-1,2,3,3,5,4
GTAGTGTGAGGCGA-1,1,2,4,7,6
GTAGTGTGTGGTTG-1,0,0,0,0,0
GTATCACTGGTAGG-1,1,2,4,7,6
GTATCTACAGAAGT-1,2,3,3,5,4
GTATCTACGACGAG-1,2,3,3,6,5
GTATCTACGTTACG-1,0,0,0,1,2
GTATTAGAAACAGA-1,0,0,0,1,2
GTATTAGAGGTCTA-1,0,0,0,0,0
GTATTCACACAGCT-1,0,0,0,0,0
GTATTCACGGGTGA-1,2,3,3,6,5
GTCAACGACACTGA-1,0,0,0,1,2
GTCAACGAGTGTAC-1,1,2,4,7,6
GTCAACGATCAGGT-1,2,3,3,6,5
GTCAATCTACACCA-1,2,3,3,6,5
GTCAATCTGTAGCT-1,2,3,3,6,5
GTCAATCTTGTGGT-1,0,0,0,0,0
GTCACCTGCCTCCA-1,0,0,0,1,2
GTCACCTGTCCCGT-1,0,0,0,1,2
GTCATACTAATCGC-1,3,1,1,2,1
GTCATACTGCGATT-1,2,3,3,6,5
GTCATACTTCGCCT-1,6,5,6,9,8
GTCATACTTTACCT-1,2,3,3,6,5
GTCATACTTTGACG-1,0,0,0,1,2
GTCCAAGAAAAACG-1,0,0,0,0,0
GTCCACTGACCTCC-1,0,0,0,0,0
GTCCACTGGGTACT-1,4,2,2,4,3
GTCCAGCTACGGGA-1,0,0,0,0,2
GTCCCATGTGGTGT-1,1,2,4,7,6
GTCGAATGAAGGCG-1,1,2,4,7,6
GTCGACCTGAATGA-1,2,3,3,5,4
GTCGACCTGTTCAG-1,0,0,0,0,0
GTCGCACTTGAGAA-1,3,1,1,2,1
GTCTAACTGGTCTA-1,4,2,2,4,3
GTCTAGGAGCTTCC-1,1,2,4,7,6
GTGAACACACTCTT-1,0,0,0,0,0
GTGAACACAGATCC-1,2,3,3,6,5
GTGAACACTCAGGT-1,0,0,0,0,0
GTGACCCTTAAGCC-1,0,3,3,6,5
GTGATGACAAGTGA-1,0,0,0,1,2
GTGATGACCTGAGT-1,3,1,1,2,1
GTGATGACGGTTTG-1,2,3,3,6,5
GTGATTCTCATTTC-1,0,0,0,1,2
GTGATTCTCTCTCG-1,1,2,4,7,6
GTGATTCTGGTTCA-1,2,3,3,5,4
GTGATTCTGTCGAT-1,0,0,0,0,0
GTGATTCTTAGCGT-1,3,1,1,2,1
GTGCCACTCAGGAG-1,0,0,0,0,0
GTGGATTGCACTAG-1,4,2,2,4,3
GTGGATTGCGGAGA-1,0,0,0,1,2
GTGGATTGTAACGC-1,0,0,0,0,0
GTGTACGATCAGTG-1,0,0,0,0,0
GTGTAGTGGGTACT-1,0,0,0,1,2
GTGTATCTAGCCTA-1,3,1,1,2,1
GTGTATCTAGTAGA-1,2,3,3,6,5
GTGTATCTGTTACG-1,3,1,1,2,1
GTGTCAGAAGCGTT-1,2,3,3,5,4
GTGTCAGAATGCTG-1,0,0,0,0,0
GTTAAAACCGAGAG-1,2,3,3,5,4
GTTAAAACTTCGCC-1,0,0,0,0,0
GTTAAATGCTCGAA-1,0,0,0,0,0
GTTAAATGTCGACA-1,3,1,1,2,1
GTTAACCTAGCTAC-1,0,0,0,0,0
GTTAACCTTGCTTT-1,5,4,5,8,7
GTTAGGTGCACTCC-1,0,0,0,0,0
GTTAGGTGCCAGTA-1,1,2,4,7,6
GTTAGGTGCCCAAA-1,4,2,2,4,3
GTTAGGTGGAACTC-1,3,1,1,2,1
GTTAGTCTAAGAAC-1,2,3,3,6,5
GTTATAGAGGACAG-1,0,0,0,0,0
GTTATGCTTTCATC-1,0,0,0,0,0
GTTCAACTGGGACA-1,2,3,3,5,4
GTTCAACTTATGCG-1,0,0,0,0,0
GTTGACGAGCCCTT-1,2,3,3,5,4
GTTGACGATATCGG-1,2,3,3,5,4
GTTGAGTGGTCTTT-1,1,2,4,7,6
GTTGAGTGTGCTTT-1,0,0,0,1,2
GTTGATCTGGGACA-1,0,0,0,0,0
GTTGATCTTTTCAC-1,2,3,3,6,5
GTTGGATGTTTACC-1,4,2,2,4,3
GTTGTACTATTCCT-1,1,2,4,7,6
GTTGTACTTTTGGG-1,0,0,0,0,0
GTTTAAGACCATGA-1,1,2,4,7,6
GTTTAAGACTGTCC-1,2,3,3,6,5
TAAACAACCAACCA-1,0,0,0,1,2
TAAACAACGAATCC-1,3,1,1,2,1
TAAAGACTCAGGAG-1,0,0,0,1,2
TAAATCGATGAGGG-1,0,0,0,1,2
TAACAATGTGCCCT-1,3,1,1,2,1
TAACACCTTCGCTC-1,1,2,4,7,6
TAACACCTTCGTAG-1,1,2,4,7,6
TAACACCTTGTTTC-1,6,5,6,9,8
TAACATGACACTAG-1,3,1,1,2,1
TAACCGGACTTACT-1,0,0,0,0,0
TAACGTCTCAACCA-1,1,2,4,7,6
TAACGTCTCATTGG-1,0,0,0,0,0
TAACTAGAATTTCC-1,0,0,0,1,2
TAACTAGACTTAGG-1,0,0,0,1,2
TAACTAGATCTGGA-1,0,0,0,0,0
TAACTCACGAGGAC-1,1,2,4,7,6
TAACTCACGTACAC-1,3,1,1,2,1
TAACTCACGTATCG-1,1,2,4,7,6
TAACTCACTCTACT-1,2,3,3,5,4
TAAGAACTGTGTCA-1,1,2,4,7,6
TAAGAGGACTAAGC-1,3,1,1,2,1
TAAGAGGACTTGTT-1,2,3,3,5,4
TAAGATACCCACAA-1,0,0,0,0,0
TAAGATACGGTTCA-1,1,2,4,7,6
TAAGATTGCGTAGT-1,0,0,0,1,0
TAAGATTGTTGCTT-1,0,0,0,1,2
TAAGCGTGAGGTTC-1,1,2,4,7,6
TAAGCGTGGACAAA-1,1,2,4,4,6
TAAGCGTGGGAAAT-1,0,0,0,0,0
TAAGCGTGTGCTCC-1,4,2,2,4,3
TAAGGCTGCCATGA-1,0,0,0,1,2
TAAGGCTGCTGCTC-1,0,0,0,0,0
TAAGGCTGTCTCGC-1,1,2,4,7,6
TAAGGGCTGCTGTA-1,0,0,0,1,2
TAAGGGCTTTACTC-1,0,0,0,0,0
TAAGTAACCGAGAG-1,3,1,1,2,1
TAAGTAACCTCCAC-1,3,1,1,2,1
TAAGTAACCTGTAG-1,0,0,0,1,2
TAAGTAACTTGTCT-1,0,0,3,6,5
TAATGATGAGCGGA-1,0,0,0,1,2
TAATGCCTCATGAC-1,0,0,0,1,2
TAATGCCTCGTCTC-1,2,3,3,5,4
TAATGTGAAGATGA-1,0,0,0,0,0
TAATGTGACTGCAA-1,1,2,4,7,6
TAATGTGATTACTC-1,2,3,3,6,5
TACAAATGGGTACT-1,0,0,0,1,2
TACAATGAAAACAG-1,1,2,4,7,6
TACAATGACTTAGG-1,0,0,0,6,5
TACAATGATGCTAG-1,2,3,3,6,5
TACACACTCACACA-1,0,0,0,1,2
TACACACTCTTACT-1,0,0,0,1,2
TACATAGAACGCAT-1,2,3,3,6,5
TACATCACACGGGA-1,0,0,0,0,0
TACATCACCTGTTT-1,4,2,2,4,3
TACATCACGCTAAC-1,3,1,1,2,1
TACATCACTGAACC-1,4,2,2,4,3
TACCATTGAGGTTC-1,0,0,0,0,0
TACCATTGCGGGAA-1,1,2,4,7,6
TACCATTGGGGATG-1,1,2,4,7,6
TACCATTGTGAGGG-1,1,2,4,7,6
TACCGGCTGTTGGT-1,0,0,0,0,0
TACGAGTGATCTCT-1,0,0,0,0,0
TACGAGTGATGCTG-1,1,2,2,4,3
TACGAGTGCGGAGA-1,0,0,0,1,2
TACGAGTGGTTGGT-1,0,0,0,1,2
TACGATCTAGTGTC-1,0,0,0,0,0
TACGATCTCACTGA-1,1,2,2,4,3
TACGATCTTACGAC-1,2,3,3,6,5
TACGCAGACGTCTC-1,3,1,1,2,1
TACGCAGAGAATCC-1,2,3,3,5,4
TACGCCACATTCCT-1,0,0,0,1,2
TACGCCACTCCCAC-1,4,2,2,4,3
TACGCCACTCCGAA-1,3,1,1,2,1
TACGCGCTCTTCTA-1,2,3,3,6,5
TACGGAACGCGTTA-1,3,1,1,2,1
TACGGCCTGGGACA-1,2,3,3,5,4
TACGGCCTGTCCTC-1,0,0,0,0,0
TACGTACTACGGAG-1,0,0,0,1,2
TACGTACTCAGTTG-1,0,0,0,1,2
TACGTACTCCCGTT-1,3,1,1,2,1
TACGTTACAGAAGT-1,0,0,0,1,2
TACGTTACCAAGCT-1,1,2,4,7,6
TACTAAGAAAGGTA-1,3,1,1,2,1
TACTAAGAATCACG-1,0,0,0,0,0
TACTAAGATGATGC-1,1,2,4,7,6
TACTAAGATTGCGA-1,0,0,0,1,2
TACTACACGAGAGC-1,0,0,0,1,2
TACTACACTTACCT-1,0,0,0,0,0
TACTACTGAACCTG-1,1,2,4,7,6
TACTACTGATGTCG-1,2,3,3,5,4
TACTACTGATTCTC-1,0,0,0,0,0
TACTACTGTATGGC-1,0,0,0,0,0
TACTCAACGGTCTA-1,1,2,4,7,6
TACTCAACTGCTAG-1,3,1,1,2,1
TACTCCCTCAGTTG-1,0,0,0,0,0
TACTCTGAATCGAC-1,2,3,3,5,4
TACTCTGACGAGTT-1,0,0,0,1,2
TACTCTGATTGACG-1,3,1,1,2,1
TACTGGGATCGATG-1,0,0,0,1,2
TACTGTTGAAAGCA-1,0,0,0,0,0
TACTGTTGAGGCGA-1,2,3,3,5,4
TACTGTTGCTGAAC-1,3,1,1,2,1
TACTTGACTCCTCG-1,2,3,3,6,5
TACTTGACTGGTGT-1,3,1,1,2,1
TACTTTCTTTTGGG-1,2,3,3,6,5
TAGAAACTAATCGC-1,0,0,0,0,0
TAGAAACTGCTTCC-1,1,2,4,7,6
TAGAAACTGGGATG-1,2,3,3,6,5
TAGAATTGCGACAT-1,0,0,0,0,0
TAGAATTGTATCGG-1,0,0,0,0,0
TAGACGTGCTTGAG-1,0,0,0,0,0
TAGACGTGTCGCTC-1,0,0,0,1,2
TAGAGCACCTTACT-1,3,1,1,2,1
TAGATTGACTTGTT-1,3,1,1,2,1
TAGATTGAGGCATT-1,2,3,3,6,5
TAGCATCTCAGCTA-1,2,3,3,5,4
TAGCATCTCCCTCA-1,0,0,0,0,0
TAGCATCTGCTGTA-1,4,2,2,4,3
TAGCATCTGGGACA-1,0,0,0,0,0
TAGCATCTTGTCGA-1,0,0,0,0,0
TAGCCCACAAAAGC-1,0,0,0,1,2
TAGCCCACAGCCAT-1,2,3,3,6,5
TAGCCCACAGCTAC-1,2,3,3,5,4
TAGCCCACCCACAA-1,0,0,0,0,0
TAGCCCTGCGGAGA-1,2,3,3,6,5
TAGCCGCTTACGAC-1,0,0,0,1,2
TAGCCGCTTACTTC-1,2,3,3,6,5
TAGCCGCTTTCCAT-1,1,2,4,7,6
TAGCTACTGAATAG-1,3,1,1,2,1
TAGCTACTGTAGCT-1,0,0,0,0,2
TAGCTACTTTTGCT-1,2,3,3,6,5
TAGGACTGTGCTGA-1,0,0,0,1,2
TAGGAGCTAAGGCG-1,3,1,1,2,1
TAGGAGCTGAGGGT-1,0,0,0,1,2
TAGGAGCTTGCATG-1,3,1,1,2,1
TAGGCAACCGTCTC-1,3,1,1,2,1
TAGGCATGCTCTCG-1,5,4,5,8,7
TAGGCATGGCGAGA-1,2,3,3,6,5
TAGGCTGATGCCTC-1,1,2,4,7,6
TAGGGACTGAACTC-1,2,3,3,5,4
TAGGTCGACACTGA-1,0,0,0,0,0
TAGGTCGAGGATCT-1,3,1,1,2,1
TAGGTGACACACTG-1,0,0,0,1,2
TAGGTGACACGTTG-1,3,1,1,2,1
TAGGTGTGTTCTGT-1,0,0,0,1,2
TAGGTTCTGAAGGC-1,0,0,0,1,2
TAGGTTCTTCTTAC-1,4,2,2,4,3
TAGGTTCTTGCTGA-1,1,2,4,7,6
TAGTAAACCTCGCT-1,0,0,0,0,0
TAGTAAACGTCACA-1,0,0,0,0,0
TAGTAATGAGATCC-1,0,0,0,0,0
TAGTACCTAAGAAC-1,1,2,4,7,6
TAGTATGATCTTAC-1,3,1,1,2,1
TAGTATGATTCTCA-1,0,0,0,1,2
TAGTCTTGGCTGTA-1,0,0,0,0,0
TAGTCTTGGGACTT-1,0,3,3,6,5
TAGTCTTGTGGAAA-1,2,3,3,6,5
TAGTGGTGAAGTGA-1,2,3,3,5,4
TAGTTAGAACCACA-1,2,3,3,5,4
TAGTTAGATGAACC-1,0,0,0,0,0
TATAAGACAACAGA-1,2,0,0,0,0
TATAAGACAGCTCA-1,4,2,2,4,3
TATAAGTGACACCA-1,4,2,2,4,3
TATAAGTGTATCGG-1,1,2,4,7,6
TATAAGTGTGGTGT-1,4,2,2,4,3
TATACAGAACCCTC-1,2,3,3,6,5
TATACAGAAGAACA-1,0,0,0,0,0
TATACAGATCCAGA-1,0,0,0,1,2
TATACCACCTGATG-1,3,1,1,2,1
TATACGCTACCAAC-1,0,0,0,0,0
TATAGATGGACGGA-1,0,0,0,1,2
TATAGATGTTCCGC-1,4,2,2,4,3
TATCACTGACTGTG-1,1,2,4,7,6
TATCCAACCAGCTA-1,1,2,4,7,6
TATCCAACTCTCTA-1,2,3,3,6,5
TATCGACTACTAGC-1,2,3,3,5,4
TATCGACTCGATAC-1,4,2,2,4,3
TATCGTACAGATGA-1,2,3,3,6,5
TATCGTACATTCCT-1,1,2,4,7,6
TATCTCGAGAGATA-1,0,0,0,0,0
TATCTGACAGGTTC-1,2,3,3,6,5
TATCTGACTGTTTC-1,2,3,3,6,5
TATCTTCTAAACAG-1,0,0,0,0,0
TATGAATGGAGGAC-1,2,3,3,5,4
TATGAATGTTTGCT-1,4,2,2,4,3
TATGCGGATAACCG-1,0,0,0,1,2
TATGGGTGCATCAG-1,2,3,3,5,4
TATGGGTGCTAGCA-1,3,1,1,2,1
TATGGTCTCTACCC-1,0,0,0,0,0
TATGTCACGGAACG-1,3,1,1,2,1
TATGTCACTAACCG-1,1,2,4,7,6
TATGTCACTTCTCA-1,3,1,1,2,1
TATGTGCTCCGATA-1,1,2,4,7,6
TATGTGCTGGATTC-1,0,0,0,0,0
TATTGCTGAAGAAC-1,1,2,4,7,6
TATTGCTGCCGTTC-1,0,1,1,2,1
TATTGCTGTCTGGA-1,0,0,0,0,0
TATTGCTGTGCACA-1,2,3,3,6,5
TATTTCCTATTGGC-1,1,2,4,7,6
TATTTCCTGGAGGT-1,2,3,3,5,4
TATTTCCTGGTGTT-1,0,0,0,0,0
TCAACACTGTTTGG-1,2,3,3,5,4
TCAAGGACAGCGTT-1,0,0,0,1,2
TCAAGGACATTCTC-1,2,3,3,6,5
TCAAGGACGGTGTT-1,1,2,4,7,6
TCAATCACACTCTT-1,2,3,3,6,5
TCAATCACAGTCGT-1,4,2,2,4,3
TCACAACTATGTGC-1,0,0,0,0,0
TCACAACTTTGCTT-1,1,2,4,7,6
TCACATACACTTTC-1,0,0,0,1,5
TCACATACAGGGTG-1,0,0,0,0,0
TCACCCGAGACGGA-1,1,2,4,7,6
TCACCGTGCTCGCT-1,4,2,2,4,3
TCACCTCTACGACT-1,2,3,3,6,5
TCACCTCTTCCAAG-1,4,2,2,4,3
TCACGAGAGGAGGT-1,3,1,1,2,1
TCACTATGGGGCAA-1,2,3,3,6,5
TCACTATGGTTGTG-1,3,1,1,2,1
TCAGACGACGCTAA-1,0,0,0,1,2
TCAGACGACGTTAG-1,2,3,3,5,4
TCAGAGACTCCAGA-1,0,0,0,0,0
TCAGCAGACTCCAC-1,0,0,0,0,0
TCAGCGCTCTAGTG-1,2,3,3,6,5
TCAGCGCTGGATCT-1,3,1,1,2,1
TCAGCGCTGGTATC-1,2,3,3,6,5
TCAGGATGAAGTAG-1,0,0,0,0,0
TCAGGATGCCTTTA-1,4,2,2,4,3
TCAGTGGAAGATCC-1,2,3,3,6,5
TCAGTTACCTACGA-1,1,2,4,7,6
TCAGTTACTAGAAG-1,0,0,0,1,2
TCATCAACCCGATA-1,0,0,0,0,0
TCATCAACTGTTCT-1,1,2,4,7,6
TCATCATGCAGTTG-1,0,0,0,0,0
TCATCCCTTACTGG-1,0,0,0,1,2
TCATTCGATACAGC-1,4,2,2,4,3
TCCACGTGGAAACA-1,0,0,0,0,0
TCCACTCTACACTG-1,0,0,0,1,2
TCCACTCTGAGCTT-1,1,2,4,7,6
TCCACTCTTACTTC-1,3,1,1,2,1
TCCATAACAAAGTG-1,0,0,0,0,0
TCCATAACCGTAGT-1,3,1,1,2,1
TCCATAACGATGAA-1,0,0,0,1,2
TCCATAACTACGCA-1,0,0,0,0,0
TCCATCCTCCCTAC-1,2,3,3,6,5
TCCCACGATCATTC-1,0,0,0,1,2
TCCCATCTCAAAGA-1,1,2,4,7,6
TCCCGAACACAGTC-1,2,3,3,5,4
TCCCGAACTTCGCC-1,4,2,2,4,3
TCCCGATGAGATCC-1,0,0,0,1,2
TCCCGATGCCTGAA-1,1,2,4,7,6
TCCCGATGCTGTGA-1,2,0,0,6,5
TCCCTACTCAACTG-1,3,1,1,2,1
TCCGAAGACAATCG-1,1,2,4,7,6
TCCGAAGACGTTAG-1,0,0,0,0,2
TCCGGACTGAGGTG-1,0,0,0,1,2
TCCGGACTGTACGT-1,2,3,3,6,5
TCCTAAACATCGAC-1,0,0,0,0,0
TCCTAAACCGAGAG-1,0,0,0,1,2
TCCTAAACCGCATA-1,2,3,3,5,4
TCCTAATGGTTTGG-1,2,3,3,6,5
TCCTACCTGTCGTA-1,0,0,0,6,5
TCCTATGAAAAGCA-1,2,3,3,6,5
TCGAATCTCTGGTA-1,2,3,3,6,5
TCGACCTGCCGATA-1,4,2,2,4,3
TCGACGCTTCTATC-1,1,2,4,7,6
TCGACGCTTTGACG-1,0,0,0,1,2
TCGAGAACGACAGG-1,0,0,0,1,2
TCGAGAACGTTAGC-1,0,0,0,1,2
TCGAGCCTATCAGC-1,3,1,1,2,1
TCGAGCCTGCGAGA-1,2,3,3,6,5
TCGAGCCTTGTGAC-1,0,0,0,1,2
TCGATACTATTCCT-1,0,0,0,1,0
TCGATACTTGCACA-1,0,0,0,1,2
TCGATTTGATGCCA-1,1,2,4,7,6
TCGATTTGCACTCC-1,0,0,0,0,0
TCGATTTGCAGCTA-1,2,3,3,5,4
TCGATTTGCCTACC-1,1,2,4,7,6
TCGATTTGTCGTGA-1,3,1,1,2,1
TCGCACACCATCAG-1,1,2,4,7,6
TCGCAGCTAGATCC-1,2,3,3,6,5
TCGCCATGAGACTC-1,0,0,0,0,0
TCGCCATGTGGTCA-1,3,1,1,2,1
TCGGACCTAACAGA-1,0,0,0,1,2
TCGGACCTATAAGG-1,3,1,1,2,1
TCGGACCTGTACAC-1,0,0,0,1,2
TCGGTAGAGTAGGG-1,0,0,0,0,0
TCGGTAGATCCCAC-1,3,1,1,2,1
TCGTAGGATCGACA-1,0,0,0,1,2
TCGTGAGAACTGTG-1,3,1,1,2,1
TCGTTATGGACAAA-1,0,0,0,1,2
TCTAACACCAGTTG-1,2,3,3,5,4
TCTAACACGAGCAG-1,5,4,5,8,7
TCTAACTGAACCAC-1,0,0,0,1,2
TCTAAGCTAATGCC-1,0,0,0,0,0
TCTAAGCTTAGTCG-1,2,3,3,5,4
TCTAAGCTTCTAGG-1,4,2,2,4,3
TCTAAGCTTGTTCT-1,1,2,4,7,6
TCTAAGCTTTCGCC-1,3,1,1,2,1
TCTACAACGACTAC-1,1,2,4,7,6
TCTAGACTTAGAAG-1,1,2,4,7,6
TCTAGTTGCACCAA-1,4,2,2,4,3
TCTATGTGAAGAGT-1,1,2,4,7,6
TCTATGTGAGTCTG-1,2,3,3,6,5
TCTCAAACCTAAGC-1,3,1,1,2,1
TCTCTAGAATTTCC-1,0,0,0,1,2
TCTGATACACGTGT-1,0,0,0,1,2
TCTGATACTCGCCT-1,0,0,0,0,0
TCTTACGAACCTGA-1,1,2,4,7,6
TCTTCAGAGCTACA-1,1,2,4,7,6
TCTTGATGCGGAGA-1,2,3,3,6,5
TGAAATTGGTGAGG-1,1,2,4,7,6
TGAACCGAAAACGA-1,0,0,0,0,0
TGAACCGACTACTT-1,4,2,2,4,3
TGAACCGATTCGGA-1,4,2,2,4,3
TGAAGCACTCACGA-1,2,3,3,6,5
TGAAGCTGAACGAA-1,0,0,0,0,0
TGAAGCTGAGACTC-1,0,0,0,0,0
TGAAGCTGCATGGT-1,3,1,1,2,1
TGAAGCTGCGTAAC-1,0,0,0,0,0
TGAATAACCACTTT-1,0,0,0,0,0
TGAATAACTCCCAC-1,2,3,3,6,5
TGACACGACCTTAT-1,3,1,1,2,1
TGACCAGACAACCA-1,0,0,0,1,2
TGACCAGAGGATTC-1,0,0,0,0,0
TGACCGCTAAAAGC-1,0,0,0,1,2
TGACCGCTCTGCAA-1,0,0,0,0,0
TGACGATGCAAAGA-1,1,2,4,7,6
TGACGCCTGTACCA-1,0,0,3,1,2
TGACGCCTTTACTC-1,0,0,0,1,2
TGACTGGAAGAGAT-1,1,2,4,7,6
TGACTGGACCGTAA-1,0,0,0,1,2
TGACTGGACGCAAT-1,0,0,0,0,0
TGACTGGAGGACAG-1,3,1,1,2,1
TGACTGGATTCTCA-1,0,0,0,1,2
TGACTTACACACCA-1,0,0,0,1,2
TGACTTACAGTCTG-1,1,2,4,7,6
TGACTTTGCGCATA-1,0,0,0,0,0
TGACTTTGTTTGTC-1,0,0,0,1,2
TGAGACACAAGGTA-1,0,0,0,1,2
TGAGACACTCAAGC-1,2,3,3,6,5
TGAGACACTGTGCA-1,0,0,0,0,0
TGAGCTGAATGCTG-1,4,2,2,4,3
TGAGCTGACTGGAT-1,1,2,4,7,6
TGAGCTGAGCGAGA-1,0,0,0,0,0
TGAGCTGATGCTAG-1,1,2,4,7,6
TGAGGACTCTCATT-1,1,2,4,7,6
TGAGGACTTCATTC-1,0,0,0,1,2
TGAGGTACGAACCT-1,4,2,2,4,3
TGAGTCGAGTTACG-1,3,1,1,2,1
TGAGTGACTGAGCT-1,0,0,0,1,2
TGATAAACGAATCC-1,0,0,0,1,2
TGATAAACTCCGTC-1,2,3,3,5,4
TGATAAACTTTCAC-1,0,0,0,0,0
TGATACCTCACTAG-1,1,2,4,7,6
TGATACCTGTTGGT-1,0,0,0,0,0
TGATACCTTATGCG-1,0,0,0,0,0
TGATACCTTGAAGA-1,0,0,0,0,0
TGATATGAACCTTT-1,0,0,0,0,0
TGATCACTAGCATC-1,2,3,3,6,5
TGATCACTCTCGCT-1,0,0,0,0,0
TGATCACTTCTACT-1,3,1,1,2,1
TGATCGGACTGACA-1,4,2,2,4,3
TGATCGGAGGAGCA-1,3,1,1,2,1
TGATCGGATATGCG-1,4,2,4,7,3
TGATTAGACATTGG-1,0,0,0,1,2
TGATTAGATGACTG-1,3,1,1,2,1
TGATTAGATGCTAG-1,0,0,0,0,0
TGATTCACTATGCG-1,0,0,0,0,0
TGATTCACTGTCAG-1,3,1,1,2,1
TGATTCTGCCGAAT-1,0,0,0,1,2
TGATTCTGCTCTTA-1,0,0,0,1,2
TGCAAGTGAGAACA-1,0,0,0,1,2
TGCAAGTGGGTAGG-1,1,2,4,7,6
TGCAATCTTCAGGT-1,5,4,5,8,7
TGCACAGACGACAT-1,2,3,3,5,4
TGCCAAGAGCAGTT-1,4,2,2,4,3
TGCCAAGATCTCTA-1,0,0,0,1,2
TGCCACTGAACGTC-1,0,0,0,1,2
TGCCACTGCGATAC-1,2,3,3,5,4
TGCCAGCTTGGCAT-1,0,0,0,1,2
TGCCCAACAGCAAA-1,0,0,0,1,2
TGCCCAACCGCATA-1,4,2,2,4,3
TGCCGACTCTCCCA-1,3,1,1,2,1
TGCGAAACAGTCAC-1,3,1,1,2,1
TGCGAAACGTTGCA-1,3,1,1,2,1
TGCGATGAACGGTT-1,0,0,0,1,2
TGCGATGACCTCGT-1,0,0,0,0,0
TGCGATGACTAGTG-1,3,1,1,2,1
TGCGATGACTGCTC-1,3,1,1,2,1
TGCGATGACTTGCC-1,3,1,1,2,1
TGCGATGAGTGCTA-1,1,2,4,7,6
TGCGCACTCTTGAG-1,1,2,4,7,6
TGCGTAGAATAAGG-1,1,2,4,7,6
TGCGTAGACGGGAA-1,3,1,1,2,1
TGCGTAGATGGTCA-1,4,2,2,4,3
TGCTAGGAAACCGT-1,2,3,3,6,5
TGCTAGGATAGTCG-1,0,0,0,0,0
TGCTATACGGTTCA-1,1,2,4,7,6
TGCTATACTGCTGA-1,2,3,3,6,5
TGCTGAGAGAGCAG-1,2,3,3,5,4
TGCTGAGATTATCC-1,0,0,0,0,0
TGGAAAGACTCTCG-1,3,1,1,2,1
TGGAAAGAGCGATT-1,0,0,0,1,2
TGGAAAGAGGTCAT-1,4,2,2,4,3
TGGAAAGATATGGC-1,0,0,0,0,0
TGGAACACAAACAG-1,2,3,3,5,4
TGGAACACGCTAAC-1,2,3,3,6,5
TGGAAGCTCAGATC-1,0,0,0,1,2
TGGACCCTACACTG-1,1,2,4,7,6
TGGACCCTCATGGT-1,2,3,3,6,5
TGGACCCTGGTACT-1,1,2,4,4,6
TGGACTGAGTATGC-1,0,0,0,1,2
TGGAGACTATCAGC-1,1,2,4,7,6
TGGAGACTGAAACA-1,0,0,0,0,0
TGGAGACTTCAAGC-1,0,0,0,0,0
TGGAGACTTGACCA-1,2,3,3,6,5
TGGAGGGACGGAGA-1,1,2,4,7,6
TGGAGGGAGCTATG-1,0,0,0,0,0
TGGATCGATAAAGG-1,0,0,0,1,2
TGGATGTGACCTAG-1,3,1,1,2,1
TGGATGTGATGTCG-1,2,3,3,6,5
TGGATGTGTGAAGA-1,3,1,1,2,1
TGGATTCTCATACG-1,2,3,3,6,5
TGGCAATGCTTGTT-1,3,1,1,2,1
TGGCAATGGAGGGT-1,2,3,3,6,5
TGGCACCTTCACGA-1,0,0,0,0,0
TGGCACCTTCAGTG-1,1,2,4,7,6
TGGGTATGAAGAGT-1,0,0,0,1,2
TGGGTATGCACAAC-1,0,0,0,1,2
TGGGTATGGTACGT-1,3,1,1,2,1
TGGGTATGTTTGGG-1,1,2,4,7,6
TGGTAGACATGCCA-1,0,0,0,1,5
TGGTAGACCCTCAC-1,2,3,3,5,4
TGGTAGACCTGATG-1,0,0,0,1,2
TGGTAGTGCACTGA-1,1,2,4,7,6
TGGTATCTAAACAG-1,0,0,0,0,0
TGGTATCTCTTCCG-1,0,0,0,0,0
TGGTCAGACCCAAA-1,0,0,0,0,0
TGGTCAGACCGTTC-1,2,3,3,5,4
TGGTTACTGACGTT-1,1,2,4,7,6
TGGTTACTGTTCTT-1,0,0,0,0,0
TGTAACCTAGAGGC-1,0,0,0,1,2
TGTAACCTTGCCTC-1,1,2,4,7,6
TGTAATGACACAAC-1,2,3,3,5,4
TGTAATGAGGTAAA-1,2,3,3,5,4
TGTACTTGCTCTAT-1,4,2,2,4,3
TGTAGGTGCGAGAG-1,3,1,1,2,1
TGTAGGTGCTATGG-1,0,0,0,1,2
TGTAGGTGCTCTAT-1,5,4,5,8,7
TGTAGGTGTGCTGA-1,0,0,0,1,2
TGTAGTCTTCCAGA-1,0,0,0,1,2
TGTAGTCTTGCACA-1,2,3,3,6,5
TGTATCTGTTAGGC-1,0,0,0,1,2
TGTATGCTCATGGT-1,3,1,1,2,1
TGTATGCTGTAGGG-1,0,0,0,0,0
TGTATGCTTTCATC-1,0,0,0,0,0
TGTCAGGAATACCG-1,0,0,0,0,0
TGTCAGGAGATGAA-1,4,2,2,4,3
TGTCTAACCCCTTG-1,0,0,0,0,0
TGTGACGATTCTCA-1,2,3,3,6,5
TGTGAGACTGTCAG-1,4,2,2,4,3
TGTGAGACTTGAGC-1,0,0,0,0,2
TGTGAGTGACCACA-1,0,0,0,0,0
TGTGAGTGAGTGCT-1,4,2,2,4,3
TGTGAGTGGAGATA-1,2,3,3,6,5
TGTGATCTCTCTAT-1,3,1,1,2,1
TGTGATCTGACACT-1,2,0,0,0,0
TGTGGATGGCCAAT-1,3,1,1,2,1
TGTTAAGACAAAGA-1,1,2,4,7,6
TGTTAAGATAAGGA-1,1,2,4,7,6
TGTTAAGATTGGCA-1,1,2,4,7,6
TGTTACACCGCATA-1,4,2,2,4,3
TGTTACACGACTAC-1,4,2,4,7,6
TGTTACTGGCTACA-1,2,3,3,6,5
TGTTACTGTAGTCG-1,2,3,3,6,5
TTAACCACCGTAAC-1,0,0,0,0,0
TTAACCACTAAGGA-1,2,3,3,6,5
TTAACCACTCAGAC-1,2,3,3,6,5
TTACACACGTGTTG-1,0,0,0,0,0
TTACACACTCCTAT-1,0,0,0,0,0
TTACCATGAATCGC-1,1,2,4,7,6
TTACCATGGTTGAC-1,0,0,0,1,2
TTACCATGTGTCTT-1,0,0,0,1,2
TTACCATGTTGTGG-1,3,1,1,2,1
TTACGACTGAGAGC-1,0,0,0,1,2
TTACGACTTGACAC-1,1,2,4,7,6
TTACGTACGTTCAG-1,6,5,6,9,8
TTACTCGAACGTTG-1,7,1,3,3,9
TTACTCGAAGAATG-1,1,2,4,7,6
TTACTCGACGCAAT-1,5,4,5,8,7
TTACTCGAGGGTGA-1,0,0,0,1,2
TTACTCGATCTACT-1,2,3,3,5,4
TTAGAATGTGGTGT-1,0,0,0,0,0
TTAGAATGTGTAGC-1,0,0,0,0,0
TTAGACCTCCTACC-1,0,0,0,0,0
TTAGACCTCCTTTA-1,1,2,4,7,6
TTAGCTACAACCGT-1,0,0,0,0,0
TTAGCTACTGTCCC-1,1,2,4,4,3
TTAGCTACTTTCGT-1,0,0,0,1,2
TTAGGGACGCGAAG-1,2,3,3,6,5
TTAGGGTGCTGGAT-1,3,1,1,2,1
TTAGGGTGTCCTGC-1,1,2,2,4,3
TTAGGTCTACTTTC-1,1,2,4,7,6
TTAGTCACCAGTTG-1,0,0,0,1,2
TTAGTCTGAAAGCA-1,3,1,1,2,1
TTAGTCTGCCAACA-1,2,3,3,5,4
TTAGTCTGTGCACA-1,0,0,0,1,2
TTATCCGACTAGTG-1,3,1,1,2,1
TTATCCGAGAAAGT-1,1,2,4,4,3
TTATGAGAGATAAG-1,0,0,0,0,0
TTATGCACGTCACA-1,3,1,1,2,1
TTATGGCTTATGGC-1,5,4,5,8,7
TTATTCCTATGCTG-1,1,2,4,7,6
TTATTCCTGGACAG-1,3,1,1,2,1
TTATTCCTGGTACT-1,3,1,1,2,1
TTATTCCTTCGTGA-1,0,0,0,1,2
TTCAAAGATAAAGG-1,2,3,3,6,5
TTCAACACAACAGA-1,0,0,0,0,0
TTCAACACCCCAAA-1,1,2,4,7,6
TTCAACACGGACGA-1,4,2,2,4,3
TTCAAGCTAAGAAC-1,1,2,4,7,6
TTCAAGCTAGATGA-1,0,0,0,1,2
TTCAAGCTGTTGAC-1,0,0,0,1,2
TTCAAGCTTCCAAG-1,0,0,0,0,0
TTCAAGCTTGATGC-1,0,0,0,0,0
TTCAAGCTTTCGCC-1,0,0,0,0,0
TTCACAACCCGTTC-1,1,2,4,7,6
TTCACAACGTCTGA-1,4,2,2,4,3
TTCAGACTACCCAA-1,0,0,0,0,0
TTCAGACTCTCGAA-1,0,0,0,1,2
TTCAGTACCGACTA-1,0,0,0,1,2
TTCAGTACTCAAGC-1,0,0,0,1,2
TTCAGTACTCCTAT-1,1,2,4,7,6
TTCAGTTGCCAAGT-1,0,0,0,1,2
TTCAGTTGTCCTTA-1,5,4,5,8,7
TTCAGTTGTCTAGG-1,0,0,0,0,0
TTCAGTTGTCTCGC-1,3,1,1,2,1
TTCATCGAGGTGGA-1,1,2,4,7,6
TTCATGTGTGGTGT-1,0,0,0,1,2
TTCATTCTATGTCG-1,1,2,4,7,6
TTCATTCTTCTCTA-1,0,0,0,0,0
TTCCAAACCTATGG-1,1,2,4,7,6
TTCCAAACCTCCCA-1,3,1,1,2,1
TTCCAAACTCCCAC-1,2,3,3,5,4
TTCCAAACTTGACG-1,2,3,3,6,5
TTCCATGACGAGAG-1,1,2,4,7,6
TTCCATGACTGTCC-1,0,0,0,0,0
TTCCCACTTGAGGG-1,2,3,3,5,4
TTCCCACTTGTCTT-1,1,2,4,7,6
TTCCTAGAAAGTGA-1,0,0,0,0,0
TTCCTAGACTAGTG-1,4,2,2,4,3
TTCGAGGACTCTAT-1,0,0,0,1,2
TTCGAGGAGGGCAA-1,0,0,0,1,5
TTCGAGGATAGAAG-1,4,2,2,4,3
TTCGATTGAGCATC-1,0,0,0,0,0
TTCGGAGAATGCCA-1,1,2,4,7,6
TTCGGAGATGTGCA-1,0,0,0,0,0
TTCGTATGAAAAGC-1,2,3,3,6,5
TTCGTATGGATAGA-1,2,3,3,5,4
TTCGTATGGTCTGA-1,0,0,0,1,2
TTCGTATGTCCTTA-1,1,2,4,7,6
TTCTACGAACGTAC-1,0,0,0,1,2
TTCTACGAGTTGGT-1,0,0,0,1,2
TTCTAGTGACACGT-1,0,0,0,1,2
TTCTAGTGCATGAC-1,1,2,4,7,6
TTCTAGTGGAGAGC-1,2,3,3,5,4
TTCTAGTGGTCACA-1,4,2,2,4,3
TTCTCAGAAGAGAT-1,0,0,0,1,2
TTCTCAGAAGCATC-1,3,1,1,2,1
TTCTCAGATGGAGG-1,0,0,0,1,2
TTCTGATGGAGACG-1,2,3,3,5,4
TTCTTACTCTGGAT-1,4,2,2,4,3
TTGAACCTCCTTGC-1,3,1,1,2,1
TTGAATGAACTACG-1,4,2,2,4,3
TTGAATGACTTACT-1,0,0,0,0,0
TTGAATGATCTCAT-1,3,1,1,2,1
TTGACACTCTGTAG-1,0,0,0,0,2
TTGACACTGATAAG-1,3,1,1,2,1
TTGAGGACAGAACA-1,1,2,4,7,6
TTGAGGACTACGCA-1,5,4,5,8,7
TTGAGGTGGACGGA-1,0,0,0,0,0
TTGCATTGAGCTAC-1,2,3,3,6,5
TTGCATTGCTAAGC-1,1,2,4,7,6
TTGCATTGTGACTG-1,0,0,0,1,2
TTGCTAACACCAAC-1,2,3,3,6,5
TTGCTAACACGCTA-1,4,2,2,4,3
TTGCTAACCACTCC-1,0,0,0,0,0
TTGCTATGGTACGT-1,1,2,4,7,6
TTGCTATGGTAGGG-1,4,2,2,4,3
TTGGAGACCAATCG-1,0,0,0,1,2
TTGGAGACGCTATG-1,1,2,4,7,6
TTGGAGACTATGGC-1,3,1,1,2,1
TTGGGAACTGAACC-1,0,0,0,0,0
TTGGTACTACTGGT-1,1,2,4,7,6
TTGGTACTCTTAGG-1,0,0,0,0,0
TTGGTACTGAATCC-1,3,1,1,2,1
TTGGTACTGGATTC-1,3,1,1,2,1
TTGTACACGTTGTG-1,3,1,1,2,1
TTGTACACTTGCAG-1,0,0,0,1,2
TTGTAGCTAGCTCA-1,0,0,0,1,2
TTGTAGCTCTCTTA-1,3,1,1,2,1
TTGTCATGGACGGA-1,2,3,3,5,4
TTTAGAGATCCTCG-1,3,1,1,2,1
TTTAGCTGATACCG-1,0,0,0,0,0
TTTAGCTGGATACC-1,1,2,4,7,6
TTTAGCTGTACTCT-1,5,4,5,8,7
TTTAGGCTCCTTTA-1,1,2,4,7,6
TTTATCCTGTTGTG-1,4,2,2,4,3
TTTCACGAGGTTCA-1,0,0,0,1,2
TTTCAGTGGAAGGC-1,2,3,3,6,5
TTTCAGTGTCACGA-1,3,1,1,2,1
TTTCAGTGTCTATC-1,1,2,4,7,6
TTTCAGTGTGCAGT-1,3,1,1,2,1
TTTCCAGAGGTGAG-1,0,0,0,1,2
TTTCGAACACCTGA-1,5,4,5,8,7
TTTCGAACTCTCAT-1,1,2,4,7,6
TTTCTACTGAGGCA-1,3,1,1,2,1
TTTCTACTTCCTCG-1,3,1,1,2,1
TTTGCATGAGAGGC-1,3,1,1,2,1
TTTGCATGCCTCAC-1,0,0,0,0,0
